,location,dates,license,tags,views,comments
0,,2022-10-24 18:40:40,4,[],0,0
1,,2022-10-29 08:15:52,4,[],4,0
2,"Salt Lake City, UT",2022-10-16 08:55:53,4,[],170,0
3,"Singapore, Singapore",2022-10-22 14:51:49,4,"['Áhcagastá - Tales of the Ember', 'Art Installation', 'Yarn', 'Steel', 'Elina Waage Mikalsen', 'Exhibit', 'Singapore Biennale 2022', 'SAM @Tanjong Pagar Distripark', 'Keppel Road', 'Singapore']",24,1
4,"Chicago, United States",2022-10-28 11:42:14,4,"[""Perry's Steakhouse & Grille"", ""Perry's Steakhouse & Grille Opening in Vernon Hills, IL""]",49,0
5,"Boston, Massachusetts, USA",2022-10-10 10:29:00,4,[],7,0
6,,2022-10-25 09:03:29,4,"['UFCW', 'UFCW 770', 'UFCW Local 770', 'Kathy Finn', 'John Grant', 'Danny Garcia', 'Meeno', 'Union', 'Karen Bass', 'Karen Bass for LA', 'Stewards', 'Solidarity', 'Organizing']",126,0
7,"São José do Rio Preto SP, Brasil",2022-10-26 10:52:49,4,"['Assinatura', 'ordem serviço', 'reforma', 'Estação', 'Distrito', 'Engenheiro Schmitt', 'São José Rio Preto']",67,0
8,,2022-10-25 19:24:48,4,"['TaxTheUltraRichNow', 'TaxTheUltraRich', 'TaxTheRich', 'Projection', 'Harrisburg, PA', 'Backbone Campaign']",3,0
9,United Kingdom,2022-10-25 21:04:41,4,[],70,0
10,,2022-10-25 17:21:49,4,"['Blumen', 'Dianthus barbatus', 'fleur', 'flower']",134,1
11,,2020-11-10 13:48:34,4,[],12,0
12,,2022-10-24 08:48:52,4,"['Začiatok', 'rekonštrukcie', 'cesty', 'Budmerice']",30,0
13,,2022-10-22 00:00:00,4,"['Governor. Governor Lawrence J. Hogan', 'Jr. Larry Hogan. Governor Hogan.Governor Larry Hogan.       General Singh Readiness Center Ribbon Cutting.  Lt. Gov Boyd Rutherford. Lt. Gov Maryland. Boyd Rutherford']",358,0
14,"Memphis, TN, United States",2022-09-05 10:25:22,4,['Melissa McMasters'],17,1
15,,2022-08-08 09:10:14,4,"['Human Rights Training Conference', 'HRT', 'Training', 'WFP']",331,0
16,,2022-05-09 09:10:15,4,['Cocos nucifera'],16,0
17,,2017-12-20 17:19:03,4,"['Marina', 'Boote', 'Hafen', 'Torre', 'Horadada', 'CostaBlanca', 'Alicante', 'Torrevieja', 'Yacht', 'Segelboot', 'Baja']",80,0
18,"Allen, TX, USA",2022-10-21 22:05:24,4,"['bonham', 'state', 'park', 'fannin', 'county', 'texas', 'October']",45,0
19,"Brasília, Brasil",2022-10-21 09:57:03,4,[],37,0
20,"Atherton, Australia",2022-10-15 11:37:10,4,"['Lilly', 'Flower']",12,0
21,,2022-10-13 11:11:46,4,[],16,0
22,,2022-10-20 15:48:18,4,[],335,0
23,,2022-10-15 11:46:33,4,"['ultimate-frisbee', 'charlotte-flight', 'charlotte-nc', 'fall-brawl-2022']",365,0
24,,2022-10-19 11:14:31,4,[],112,0
25,,2022-10-19 16:11:54,4,[],37,0
26,"São José do Rio Preto SP, Brasil",2022-10-19 21:17:00,4,"['Festival', 'da', 'Viola', 'Música', 'Sertanejo', 'Caipira', 'Prefeitura de Rio Preto', 'São José do Rio Preto', 'Cultura', 'Agricultura', 'Desenvolvimento Econômico', 'Comunicação', 'Social']",106,0
27,,2022-10-08 10:40:26,4,"['audi', 'eks', 'EKSRX', 'enzo', 'spa', 'Belgium']",28,0
28,"Portland, OR, United States",2022-10-19 14:48:17,4,[],12,0
29,,2022-10-19 15:58:02,4,[],98,0
30,,2022-10-04 12:44:49,4,[],93,0
31,"Coventry, Great Britain",2022-10-18 14:31:37,4,"['Coventry', 'Britain', 'Great Britain', 'UK', 'England', 'Warwickshire', 'West Midlands', 'City Centre', 'Central Coventry', 'Far Gosford Street']",38,0
32,"Coventry, Great Britain",2022-10-07 09:51:06,4,"['Politics', 'Ukraine', 'Russia', 'Ukrainian Separatists', 'War Between Russia and Ukraine', 'War']",47,0
33,,2022-10-18 16:03:54,4,[],414,0
34,,2022-10-18 11:00:34,4,[],88,0
35,"Falköping, Sweden",2022-10-18 11:01:23,4,"['sebilden', 'ai', 'art', 'stable diffusion', 'computer generated art']",13,0
36,"Sopot, Poland",2022-10-10 11:37:22,4,"['tptrip:20221009', 'salerno', 'napoli', 'pompei', 'geo:lon=14.754525', 'geo:lat=40.684547']",38,0
37,,2022-10-17 15:01:15,4,[],63,0
38,"Arizona, United States",2022-10-15 08:28:20,4,"['Coyote', 'woodpecker', 'cactus wren', 'nature', 'bird', 'birds', 'Canon']",45,0
39,,2022-10-15 13:06:41,4,"['file:md5sum=d15f4f2184abc8ba0043b703a376d21f', 'file:sha1sig=a423d20b307a02dce0c56e4c6a166fa254d57940']",27,0
40,"Winterthur, schweiz",2022-10-14 17:04:22,4,[],12,0
41,,2022-10-14 03:02:02,4,[],90,0
42,,2022-10-14 11:43:45,4,"['Badin', 'Ceremony', 'Dedication', 'Highway', 'HighwayDedication', 'Jazz', 'Lou Donaldson', 'Musician', 'ribbon cutting']",66,0
43,,2022-10-01 10:04:55,4,[],26,0
44,,2022-10-14 07:44:05,4,[],107,0
45,"Annecy, France",2022-09-12 08:48:15,4,"['hiking', 'mountain', 'montagne', 'nature', 'randonnee', 'hike', 'rando', 'europe', 'france', 'haute-savoie', '74', 'savoie', 'chamonix', 'alps', 'alpes', 'aiguilles rouges', 'september', 'summer', 'ete', '2022']",35,0
46,,2022-10-11 13:40:15,4,"['First Minister of Scotland', 'Scottish', 'Government', 'Scottish Government']",225,0
47,,2022-10-10 20:41:05,4,"['中華民國', '台灣', '副總統', '賴清德']",260,0
48,"Annecy, France",2022-09-04 14:48:26,4,"['europe', 'france', 'savoie', '2022', 'randonnee', 'hike', 'rando', 'nature', 'hiking', 'haute-savoie', '74', 'summer', 'ete', 'mountain', 'montagne', 'semnoz', 'bauges', 'september', 'alleves', 'rocher', 'tours saint jacques']",39,0
49,,2022-10-08 20:31:48,4,[],650,0
50,,2022-10-07 17:42:55,4,[],440,0
51,"Salem, United States",2020-01-09 14:56:15,4,"['wood', 'plant', 'spines', 'desert', 'bench', 'cacti', 'cactus', 'Arizona', 'prickle', 'ouch']",869,1
52,"Munith, MI, United States",2022-10-08 15:00:35,4,[],43,0
53,,2022-10-08 08:56:31,4,"['Frankfurt', 'Neue Kräme', 'shop', 'store', 'Gartenzwerge', 'Garden gnome']",932,3
54,,2022-10-07 11:45:37,4,[],61,0
55,,2022-10-03 16:55:31,4,[],620,0
56,,0000-00-00 00:00:00,4,"['cycling', 'bicycling', 'wildwood', 'wildwoodmo', 'tourdewildwood', 'tourdewildwood2002']",260,0
57,,2022-10-07 09:20:53,4,[],145,0
58,,2022-10-07 09:19:32,4,"['BSK', 'vuc', 'vucba', 'region', 'kraj', 'zupa', 'modra', 'mos', 'moska', 'malokarpatske', 'osvetove', 'stredisko', 'kultura', 'umenie', 'dedicstvo', 'digitalizacne', 'digital', 'kroje', 'kastiel']",90,0
59,,2022-10-07 11:37:22,4,"['BSK', 'vuc', 'vucba', 'region', 'kraj', 'zupa', 'modra', 'mos', 'moska', 'malokarpatske', 'osvetove', 'stredisko', 'kultura', 'umenie', 'dedicstvo', 'digitalizacne', 'digital', 'kroje', 'kastiel']",582,0
60,"Rochester, UK",2022-10-07 12:37:36,4,"['Newbury', 'library', 'carnegie', 'building']",51,0
61,,2022-09-21 00:19:41,4,[],7,0
62,,2022-10-07 09:41:10,4,[],18,0
63,,2008-05-10 14:03:48,4,[],356,0
64,,2022-08-19 09:59:46,4,[],9,0
65,,2022-09-07 10:37:17,4,"['gasoline', 'Washington', 'WA', 'building', 'gas station', 'travel', 'petrol', 'car', 'vehicle', 'architecture', 'Silvana', 'historic', 'gas', 'automobile', 'Fading America']",81,0
66,,2022-10-05 14:53:28,4,[],112,0
67,"Bolton, Lancs., England",2022-08-21 13:11:12,4,['@@pcat_wedding'],525,0
68,,2019-10-19 08:40:20,4,[],5,0
69,,2022-10-04 20:41:27,4,[],79,0
70,,2022-10-03 20:03:34,4,"['#sultanulashiqeen', '#markazefaqr', '#masjidezahra', '#khanqahsultanulashiqeen', '#tehreekdawatefaqr', '#muharram2022', '#ismeazam', '#spirituality', '#Muhammad', '#art', '#islamicdesign', '#mosque', '#photography']",20,0
71,,2022-07-31 14:14:51,4,['Sultan-ul-Ashiqeen Sultan Mohammad Najib-ur-Rehman presided over the weekly Mehfil Noor-e-Mustafa (pbuh) held at Masjid-e-Zahra and Khanqah Sultan-ul-Ashiqeen on Sunday'],5,0
72,,2022-10-03 14:48:47,4,"['#sultanulashiqeen', '#sahibzadasultanmohammadmurtazanajib', '#tehreekdawatefaqr', '#lahore', '#preaching', '#tour', '#ismeazam', '#ismeallahzaat', '#blessings', '#spirituality', '#sufism']",23,0
73,,2022-08-15 13:54:14,4,[],70,0
74,,2022-09-30 22:53:21,4,['Closing Session of the IAEA 66th General Conference'],325,0
75,,2022-09-29 12:33:27,4,[],57,0
76,"Kamenice nad Lipou, Czech Republic",2022-09-17 16:17:45,4,"['kon?', 'parkur', 'skokové závody', 'koně']",8,0
77,Washington DC,2022-09-28 19:15:27,4,"['US Marshals', 'Ronald Davis', 'James Meredih', 'University of Mississippi', 'Oxford', 'Mississippi']",241,0
78,,2022-09-28 23:15:20,4,[],25,0
79,,2016-06-13 11:59:04,4,[],636,0
80,,2016-06-04 09:25:50,4,[],35,0
81,,2022-09-25 10:05:17,4,['Red'],58,0
82,,2022-09-25 10:48:57,4,['Red'],699,0
83,,2016-05-28 15:06:42,4,[],1,0
84,,2012-05-28 18:04:35,4,[],231,0
85,,2016-05-14 09:29:27,4,[],16,0
86,,2013-09-14 11:15:39,4,[],69,0
87,,2016-02-15 13:40:22,4,[],4,0
88,,2015-03-06 13:08:22,4,[],1,0
89,,2013-07-31 17:02:49,4,[],5,0
90,,2022-09-24 11:27:36,4,[],22,0
91,,2022-09-24 11:50:14,4,[],20,0
92,,2015-09-05 10:52:43,4,[],1,0
93,,2013-08-10 17:08:35,4,[],0,0
94,,2013-08-10 14:05:59,4,[],0,0
95,,2013-08-10 13:38:57,4,[],0,0
96,,2013-08-10 12:13:17,4,[],4,0
97,,2013-07-04 16:20:08,4,[],549,0
98,,2013-07-04 14:35:39,4,[],382,0
99,,2013-06-15 21:40:22,4,"['indoor', 'Photo specs', 'Action', 'Time', 'Image type', 'Headshot', 'Night', 'group', 'Silhouette']",535,0
