,location,id,dates,license,tags,views,comments
0,,52450001329,2022-10-22 00:00:00,4,"['Governor. Governor Lawrence J. Hogan', 'Jr. Larry Hogan. Governor Hogan.Governor Larry Hogan.       General Singh Readiness Center Ribbon Cutting.  Lt. Gov Boyd Rutherford. Lt. Gov Maryland. Boyd Rutherford']",12,0
1,,52449802225,2022-08-08 09:10:14,4,"['Human Rights Training Conference', 'HRT', 'Training', 'WFP']",13,0
2,,52448138415,2017-12-20 17:19:03,4,"['Marina', 'Boote', 'Hafen', 'Torre', 'Horadada', 'CostaBlanca', 'Alicante', 'Torrevieja', 'Yacht', 'Segelboot', 'Baja']",21,0
3,,52447313955,2022-10-22 14:14:05,4,[],153,0
4,,52446345276,2022-09-03 12:03:06,4,"['Natur', 'Nature', 'Landschaften', 'Landscapes', 'LeHavre', 'Beach']",137,0
5,"Minneapolis, United States",52444280140,2022-07-14 17:51:42,4,"['BCA', 'Minneapolis', 'Minnesota', 'Tekle Sundberg']",20,0
6,,52443522851,2022-10-20 15:48:18,4,[],97,0
7,,52443891545,2022-10-20 19:46:33,4,[],28,0
8,Washington,52443061423,2022-10-11 11:55:10,4,[],0,0
9,,52442425225,2022-10-15 11:46:33,4,"['ultimate-frisbee', 'charlotte-flight', 'charlotte-nc', 'fall-brawl-2022']",177,0
10,"São José do Rio Preto SP, Brasil",52441041667,2022-10-19 21:07:23,4,"['Festival', 'da', 'Viola', 'Música', 'Sertanejo', 'Caipira', 'Prefeitura de Rio Preto', 'São José do Rio Preto', 'Cultura', 'Agricultura', 'Desenvolvimento Econômico', 'Comunicação', 'Social']",81,0
11,,52440639862,2022-10-14 19:10:56,4,[],0,0
12,,52441144176,2022-10-14 20:20:31,4,[],0,0
13,,52440407001,2022-10-19 15:58:02,4,[],20,0
14,"Falköping, Sweden",52439174244,2022-10-19 11:26:59,4,"['sebilden', 'art', 'ai', 'artificial intelligence', 'computer generated', 'stable diffusion']",15,0
15,"Falköping, Sweden",52439173434,2022-10-19 11:26:17,4,"['sebilden', 'art', 'ai', 'artificial intelligence', 'computer generated', 'stable diffusion']",55,0
16,,52438363936,2022-10-18 16:03:54,4,[],160,0
17,,52436742262,2022-10-18 11:00:34,4,[],19,0
18,,52436025613,2022-09-20 13:33:43,4,[],415,0
19,"Annecy, France",52433698927,2022-10-16 15:23:30,4,"['hiking', 'randonnee', 'hike', 'rando', 'europe', 'october', '2022', 'autumn', 'automne', 'fall', 'geneve', 'geneva', 'suisse', 'switzerland']",43,0
20,"Mar de las Pampas, Argentina",52433486771,2022-10-16 16:01:57,4,"['Cementerio', 'Recoleta']",57,0
21,"Sonoma, CA, USA",52432685282,2022-10-16 11:56:24,4,"['Napa', 'California', 'MOD Pizza', 'Pizzeria', 'Fast casual', 'Restaurant', 'Restaurants', 'Chain', 'Napa County', 'Napa Valley', 'Northern California', 'United States', 'USA', 'America', 'interior', 'drinks', 'soda fountain']",90,0
22,,52428426001,2022-10-14 03:02:02,4,[],62,0
23,,52428556333,2022-09-24 21:16:10,4,[],305,0
24,,52427983115,2021-02-08 04:39:45,4,[],485,0
25,"Kuching, Malaysia",52427858885,2022-10-14 18:59:06,4,"['tyco9tycostylo', 'tyco9', 'tycostylo']",104,0
26,,52427559200,2022-10-14 07:44:05,4,[],80,0
27,,52425218684,2022-10-11 20:52:29,4,[],70,0
28,"Preston Brook, England",52422889857,2022-09-26 12:19:27,4,[],85,0
29,"Ruckersville, VA, USA",52422148222,2022-10-09 14:28:24,4,[],12,0
30,"Chandler, AZ, USA",52422088528,2022-09-10 11:26:52,4,"['Alameda', 'Naval', 'Air']",719,1
31,"Annecy, France",52421185205,2022-09-12 09:17:40,4,"['hiking', 'mountain', 'montagne', 'nature', 'randonnee', 'hike', 'rando', 'europe', 'france', 'haute-savoie', '74', 'savoie', 'chamonix', 'alps', 'alpes', 'aiguilles rouges', 'september', 'summer', 'ete', '2022']",30,0
32,,52420472963,2022-09-22 20:17:19,4,"['#female ruby-throated hummingbird', '#ruby-throated hummingbird', '#ruby-throated', '#Hummingbird', '#Mobile Alabama', '#The Nature Conservancy', '#Alabama Wildlife', '#National Wildlife Federation', '#Alabama Backyard Wildlife', '#alabama', '#National Geographic']",198,0
33,"Annecy, France",52418128385,2022-09-04 14:45:58,4,"['europe', 'france', 'savoie', '2022', 'randonnee', 'hike', 'rando', 'nature', 'hiking', 'haute-savoie', '74', 'summer', 'ete', 'mountain', 'montagne', 'semnoz', 'bauges', 'september', 'alleves', 'rocher', 'tours saint jacques']",24,0
34,,52413455967,2022-10-08 20:31:48,4,[],493,0
35,,52414381553,2022-10-07 17:42:55,4,[],385,0
36,"Salem, United States",52414220195,2020-01-09 14:56:15,4,"['wood', 'plant', 'spines', 'desert', 'bench', 'cacti', 'cactus', 'Arizona', 'prickle', 'ouch']",741,1
37,"Kamenice nad Lipou, Czech Republic",52413313874,2022-10-08 10:01:20,4,"['kon?', 'parkur', 'skokové závody', 'koně']",11,0
38,,52411941880,2022-10-03 16:55:31,4,[],532,0
39,,52410927067,0000-00-00 00:00:00,4,"['cycling', 'bicycling', 'wildwood', 'wildwoodmo', 'tourdewildwood', 'tourdewildwood2002']",236,0
40,,52411411383,2022-10-07 11:37:22,4,"['BSK', 'vuc', 'vucba', 'region', 'kraj', 'zupa', 'modra', 'mos', 'moska', 'malokarpatske', 'osvetove', 'stredisko', 'kultura', 'umenie', 'dedicstvo', 'digitalizacne', 'digital', 'kroje', 'kastiel']",465,0
41,,52411144360,2022-09-24 08:52:11,4,[],28,0
42,,52411131450,2022-09-24 10:12:53,4,[],54,0
43,"Providence, RI, USA",52411075548,2022-09-24 16:09:56,4,[],262,0
44,,52410099934,2008-05-10 14:03:48,4,[],275,0
45,,52408606952,2022-10-06 23:49:07,4,"['#sultanulashiqeen', '#markazefaqr', '#masjidezahra', '#khanqahsultanulashiqeen', '#tehreekdawatefaqr', '#ismeazam', '#spirituality', '#art', '#islamicdesign', '#photography', '#moments', '#mosque']",11,0
46,"Annecy, France",52408505549,2022-09-10 15:41:14,4,"['europe', 'france', 'savoie', '2022', 'randonnee', 'hike', 'rando', 'nature', 'hiking', 'haute-savoie', '74', 'september', 'summer', 'ete', 'bornes', 'alex', 'lanfonnet', 'mountain', 'montagne']",28,0
47,"Brasilia, Brazil",52407860460,2022-10-05 19:38:30,4,"['institucional', 'Congresso Nacional', 'fachada', 'iluminação', 'rosa', 'cor de rosa', 'projeção', 'imagem', 'frase', 'campanha Outubro Rosa 2022', 'Outubro Rosa', 'ação', 'campanha', 'conscientização', 'diagnóstico', 'prevenção', 'câncer de mama', 'câncer de colo do útero', 'doença', 'Secretaria da Mulher da Câmara', 'Bancada Feminina', 'Procuradoria da Mulher', 'Procuradoria Especial da Mulher', 'Liderança da Bancada Feminina do Senado', 'exposição Amor I Love You', 'Associação de Mulheres Mastectomizadas de Brasília', 'Recomeçar', 'Brasília', 'DF', 'Brasil']",261,0
48,"Bolton, Lancs., England",52407062441,2022-08-21 20:13:40,4,['@@pcat_wedding'],31,0
49,Seattle,52406444092,2022-09-23 13:34:58,4,['Juarez'],14,0
50,,52407198553,2018-09-25 14:17:53,4,[],10,0
51,"Bolton, Lancs., England",52404451232,2022-08-21 13:11:12,4,['@@pcat_wedding'],455,0
52,"Bolton, Lancs., England",52405331900,2022-08-21 12:23:02,4,['@@pcat_wedding'],12,0
53,,52403864266,2022-10-04 20:41:27,4,[],71,0
54,"Oshawa, Canada",52403508594,2022-10-03 20:40:51,4,[],40,0
55,,52403240664,2022-09-21 13:31:06,4,['basement'],27,0
56,,52402788339,2022-08-01 09:28:13,4,"['Galla Placidia', 'Ravenna', 'Roman mosaics']",22,0
57,UK,52402191439,2022-10-01 12:25:42,4,[],22,0
58,"Crystal Palace, London, UK",52401351284,2022-10-02 13:10:46,4,[],56,0
59,,52401053906,2022-08-15 13:03:55,4,[],105,0
60,,52401053076,2022-08-15 13:54:14,4,[],62,0
61,,52400942595,2022-10-01 09:43:33,4,['1-october-2022'],58,0
62,,52400054938,2022-09-28 10:48:37,4,[],1,0
63,,52398172345,2022-09-30 07:52:31,4,"['Dorsten', 'Street', 'Sonnenaufgang']",24,0
64,"Geelong / Melbourne, Australia",52394049554,2022-09-29 18:57:19,4,"['Mahsa Amini', 'Zhina Amini', 'Jina Amini', 'Iran', '2022 Iran Protests', 'Solidarity', 'Melbourne', 'Victoria', 'Australia', 'Naarm', 'Kurds', 'Protest', 'liberation', 'Rally', 'say her name', 'be our voice']",172,0
65,,52393011344,2022-09-27 09:09:31,4,"['film', '35mm', 'Westmoreland County', 'Virginia', 'slide', 'Northern Neck', 'photograph', 'MonroeBay', 'Colonial Beach', '1200dpi', '1985', 'PhotobyRobertDungan']",95,0
66,,52391004826,2016-06-13 22:20:45,4,[],10,0
67,,52391187973,2016-06-13 19:23:21,4,[],4,0
68,,52391136764,2016-06-13 11:59:04,4,[],547,0
69,,52390534341,2016-06-04 09:25:50,4,[],27,0
70,,52389607382,2022-09-25 10:48:57,4,['Red'],598,0
71,"Annecy, France",52389446027,2022-09-23 08:58:43,4,"['europe', 'france', 'savoie', '2022', 'randonnee', 'hike', 'rando', 'nature', 'hiking', 'haute-savoie', '74', 'autumn', 'automne', 'fall', 'september', 'menthon', 'menthon-saint-bernard', 'bornes', 'montagne', 'mountain', 'alpes', 'alps']",38,0
72,,52389812731,2012-05-28 18:04:35,4,[],142,0
73,,52388191472,2013-09-14 11:15:39,4,[],64,0
74,,52389208199,2015-08-02 09:48:58,4,[],20,0
75,,52389059583,2015-07-31 19:29:54,4,[],22,0
76,,52387877488,2015-10-11 10:30:18,4,[],0,0
77,,52387123451,2013-07-04 16:20:08,4,[],464,0
78,,52387106291,2013-07-04 14:35:39,4,[],351,0
79,,52386060737,2013-06-15 21:40:22,4,"['indoor', 'Photo specs', 'Action', 'Time', 'Image type', 'Headshot', 'Night', 'group', 'Silhouette']",448,0
80,,52386058572,2013-06-15 21:06:43,4,"['indoor', 'Photo specs', 'Action', 'Time', 'Image type', 'Headshot', 'Night', 'group', 'Silhouette']",24,0
81,,52385385562,2022-09-26 10:05:00,4,['66th IAEA General Conference'],376,0
82,,52385327592,2015-09-26 08:29:02,4,[],1,0
83,,52386125841,2015-09-24 18:31:37,4,[],75,0
84,,52383236357,2022-09-23 20:21:48,4,[],490,0
85,,52384405013,2022-09-23 20:36:23,4,[],198,0
86,,52384545925,2022-09-23 22:01:59,4,[],49,0
87,,52383536941,2015-10-03 12:26:07,4,[],82,0
88,,52383275584,2015-10-03 07:21:59,4,[],4,0
89,,52382197311,2015-07-12 16:55:06,4,[],5,0
90,,52382068340,2015-08-29 13:45:41,4,[],522,0
91,"Willmar, USA",52376676852,2022-09-21 18:40:26,4,"['Crown Star Images', 'DVS1mn', 'CSI', 'A&W Country Stop', 'Cruise Night', 'CLASSIC', 'CARS', 'A&W', 'Country Stop', 'CRUISE-IN', 'Auto Show', 'A&W Cruise Night', 'Vintage', 'Motorcars', 'New London', 'Car Show', 'MInnesota', 'Classic Cars', 'MN', 'Automobiles', 'Automobile', 'Auto', 'Automotive', 'Antique Cars', 'CAR', 'Veteran', 'Vehicles', 'Vehicle']",523,0
92,"Willmar, USA",52377622931,2022-09-21 18:42:30,4,"['Crown Star Images', 'DVS1mn', 'CSI', 'A&W Country Stop', 'Cruise Night', 'CLASSIC', 'CARS', 'A&W', 'Country Stop', 'CRUISE-IN', 'Auto Show', 'A&W Cruise Night', 'Vintage', 'Motorcars', 'New London', 'Car Show', 'MInnesota', 'Classic Cars', 'MN', 'Automobiles', 'Automobile', 'Auto', 'Automotive', 'Antique Cars', 'CAR', 'Veteran', 'Vehicles', 'Vehicle']",141,0
93,"Willmar, USA",52377621061,2022-09-21 18:51:16,4,"['Crown Star Images', 'DVS1mn', 'CSI', 'A&W Country Stop', 'Cruise Night', 'CLASSIC', 'CARS', 'A&W', 'Country Stop', 'CRUISE-IN', 'Auto Show', 'A&W Cruise Night', 'Vintage', 'Motorcars', 'New London', 'Car Show', 'MInnesota', 'Classic Cars', 'MN', 'Automobiles', 'Automobile', 'Auto', 'Automotive', 'Antique Cars', 'CAR', 'Veteran', 'Vehicles', 'Vehicle']",129,0
94,,52377585373,2022-09-22 16:11:56,4,[],91,0
95,,52377776740,2022-09-22 16:20:39,4,[],58,0
96,,52374755037,2022-09-20 20:16:12,4,"['Cross Country', 'SCVAL', '2022', 'Baylands', 'XC']",902,0
97,,52375406321,2022-09-17 19:46:39,4,[],134,0
98,"Lima, Perú",52375079421,2022-09-21 17:10:52,4,[],61,0
99,,52374112362,2022-08-22 09:54:34,4,"['Stanisław', 'Leszczyński', 'Statislas', 'Stanislaus', '54', 'Frankrijk', 'Frankreich', 'France', 'Francia', 'Lorraine', 'Meurthe-et-Moselle', 'Grand Est', 'Nancy']",619,0
