"LICENSE_URL","LICENSE"
"https://creativecommons.org/licenses/by/4.0","CC BY 4.0"
"https://creativecommons.org/licenses/by-nc/4.0","CC BY-NC 4.0"
"https://creativecommons.org/licenses/by-nc-nd/4.0","CC BY-NC-ND 4.0"
"https://creativecommons.org/licenses/by-nc-sa/4.0","CC BY-NC-SA 4.0"
"https://creativecommons.org/licenses/by-nd/4.0","CC BY-ND 4.0"
"https://creativecommons.org/licenses/by-sa/4.0","CC BY-SA 4.0"
"https://creativecommons.org/publicdomain/certification/1.0/us","CC PUBLIC DOMAIN 1.0 US"
"https://creativecommons.org/publicdomain/mark/1.0","PDM 1.0"
"https://creativecommons.org/publicdomain/zero/1.0","CC0 1.0"
"https://creativecommons.org/licenses/by/3.0","CC BY 3.0"
"https://creativecommons.org/licenses/by-nc/3.0","CC BY-NC 3.0"
"https://creativecommons.org/licenses/by-nc-nd/3.0","CC BY-NC-ND 3.0"
"https://creativecommons.org/licenses/by-nc-sa/3.0","CC BY-NC-SA 3.0"
"https://creativecommons.org/licenses/by-nd/3.0","CC BY-ND 3.0"
"https://creativecommons.org/licenses/by-sa/3.0","CC BY-SA 3.0"
"https://creativecommons.org/licenses/by/2.5","CC BY 2.5"
"https://creativecommons.org/licenses/by-nc/2.5","CC BY-NC 2.5"
"https://creativecommons.org/licenses/by-nc-nd/2.5","CC BY-NC-ND 2.5"
"https://creativecommons.org/licenses/by-nc-sa/2.5","CC BY-NC-SA 2.5"
"https://creativecommons.org/licenses/by-nd/2.5","CC BY-ND 2.5"
"https://creativecommons.org/licenses/by-sa/2.5","CC BY-SA 2.5"
"https://creativecommons.org/licenses/by/2.1","CC BY 2.1"
"https://creativecommons.org/licenses/by-nc/2.1","CC BY-NC 2.1"
"https://creativecommons.org/licenses/by-nc-nd/2.1","CC BY-NC-ND 2.1"
"https://creativecommons.org/licenses/by-nc-sa/2.1","CC BY-NC-SA 2.1"
"https://creativecommons.org/licenses/by-nd/2.1","CC BY-ND 2.1"
"https://creativecommons.org/licenses/by-sa/2.1","CC BY-SA 2.1"
"https://creativecommons.org/licenses/by/2.0","CC BY 2.0"
"https://creativecommons.org/licenses/by-nc/2.0","CC BY-NC 2.0"
"https://creativecommons.org/licenses/by-nc-nd/2.0","CC BY-NC-ND 2.0"
"https://creativecommons.org/licenses/by-nc-sa/2.0","CC BY-NC-SA 2.0"
"https://creativecommons.org/licenses/by-nd/2.0","CC BY-ND 2.0"
"https://creativecommons.org/licenses/by-nd-nc/2.0","CC BY-ND-NC 2.0"
"https://creativecommons.org/licenses/by-sa/2.0","CC BY-SA 2.0"
"https://creativecommons.org/licenses/by/1.0","CC BY 1.0"
"https://creativecommons.org/licenses/by-nc/1.0","CC BY-NC 1.0"
"https://creativecommons.org/licenses/by-nc-sa/1.0","CC BY-NC-SA 1.0"
"https://creativecommons.org/licenses/by-nd/1.0","CC BY-ND 1.0"
"https://creativecommons.org/licenses/by-nd-nc/1.0","CC BY-ND-NC 1.0"
"https://creativecommons.org/licenses/by-sa/1.0","CC BY-SA 1.0"
"https://creativecommons.org/licenses/by/3.0/am","CC BY 3.0 AM"
"https://creativecommons.org/licenses/by-nc/3.0/am","CC BY-NC 3.0 AM"
"https://creativecommons.org/licenses/by-nc-nd/3.0/am","CC BY-NC-ND 3.0 AM"
"https://creativecommons.org/licenses/by-nc-sa/3.0/am","CC BY-NC-SA 3.0 AM"
"https://creativecommons.org/licenses/by-nd/3.0/am","CC BY-ND 3.0 AM"
"https://creativecommons.org/licenses/by-sa/3.0/am","CC BY-SA 3.0 AM"
"https://creativecommons.org/licenses/by/3.0/at","CC BY 3.0 AT"
"https://creativecommons.org/licenses/by-nc/3.0/at","CC BY-NC 3.0 AT"
"https://creativecommons.org/licenses/by-nc-nd/3.0/at","CC BY-NC-ND 3.0 AT"
"https://creativecommons.org/licenses/by-nc-sa/3.0/at","CC BY-NC-SA 3.0 AT"
"https://creativecommons.org/licenses/by-nd/3.0/at","CC BY-ND 3.0 AT"
"https://creativecommons.org/licenses/by-sa/3.0/at","CC BY-SA 3.0 AT"
"https://creativecommons.org/licenses/by/3.0/au","CC BY 3.0 AU"
"https://creativecommons.org/licenses/by-nc/3.0/au","CC BY-NC 3.0 AU"
"https://creativecommons.org/licenses/by-nc-nd/3.0/au","CC BY-NC-ND 3.0 AU"
"https://creativecommons.org/licenses/by-nc-sa/3.0/au","CC BY-NC-SA 3.0 AU"
"https://creativecommons.org/licenses/by-nd/3.0/au","CC BY-ND 3.0 AU"
"https://creativecommons.org/licenses/by-sa/3.0/au","CC BY-SA 3.0 AU"
"https://creativecommons.org/licenses/by/3.0/az","CC BY 3.0 AZ"
"https://creativecommons.org/licenses/by-nc/3.0/az","CC BY-NC 3.0 AZ"
"https://creativecommons.org/licenses/by-nc-nd/3.0/az","CC BY-NC-ND 3.0 AZ"
"https://creativecommons.org/licenses/by-nc-sa/3.0/az","CC BY-NC-SA 3.0 AZ"
"https://creativecommons.org/licenses/by-nd/3.0/az","CC BY-ND 3.0 AZ"
"https://creativecommons.org/licenses/by-sa/3.0/az","CC BY-SA 3.0 AZ"
"https://creativecommons.org/licenses/by/3.0/br","CC BY 3.0 BR"
"https://creativecommons.org/licenses/by-nc/3.0/br","CC BY-NC 3.0 BR"
"https://creativecommons.org/licenses/by-nc-nd/3.0/br","CC BY-NC-ND 3.0 BR"
"https://creativecommons.org/licenses/by-nc-sa/3.0/br","CC BY-NC-SA 3.0 BR"
"https://creativecommons.org/licenses/by-nd/3.0/br","CC BY-ND 3.0 BR"
"https://creativecommons.org/licenses/by-sa/3.0/br","CC BY-SA 3.0 BR"
"https://creativecommons.org/licenses/by/3.0/ca","CC BY 3.0 CA"
"https://creativecommons.org/licenses/by-nc/3.0/ca","CC BY-NC 3.0 CA"
"https://creativecommons.org/licenses/by-nc-nd/3.0/ca","CC BY-NC-ND 3.0 CA"
"https://creativecommons.org/licenses/by-nc-sa/3.0/ca","CC BY-NC-SA 3.0 CA"
"https://creativecommons.org/licenses/by-nd/3.0/ca","CC BY-ND 3.0 CA"
"https://creativecommons.org/licenses/by-sa/3.0/ca","CC BY-SA 3.0 CA"
"https://creativecommons.org/licenses/by/3.0/ch","CC BY 3.0 CH"
"https://creativecommons.org/licenses/by-nc/3.0/ch","CC BY-NC 3.0 CH"
"https://creativecommons.org/licenses/by-nc-nd/3.0/ch","CC BY-NC-ND 3.0 CH"
"https://creativecommons.org/licenses/by-nc-sa/3.0/ch","CC BY-NC-SA 3.0 CH"
"https://creativecommons.org/licenses/by-nd/3.0/ch","CC BY-ND 3.0 CH"
"https://creativecommons.org/licenses/by-sa/3.0/ch","CC BY-SA 3.0 CH"
"https://creativecommons.org/licenses/by/3.0/cl","CC BY 3.0 CL"
"https://creativecommons.org/licenses/by-nc/3.0/cl","CC BY-NC 3.0 CL"
"https://creativecommons.org/licenses/by-nc-nd/3.0/cl","CC BY-NC-ND 3.0 CL"
"https://creativecommons.org/licenses/by-nc-sa/3.0/cl","CC BY-NC-SA 3.0 CL"
"https://creativecommons.org/licenses/by-nd/3.0/cl","CC BY-ND 3.0 CL"
"https://creativecommons.org/licenses/by-sa/3.0/cl","CC BY-SA 3.0 CL"
"https://creativecommons.org/licenses/by/3.0/cn","CC BY 3.0 CN"
"https://creativecommons.org/licenses/by-nc/3.0/cn","CC BY-NC 3.0 CN"
"https://creativecommons.org/licenses/by-nc-nd/3.0/cn","CC BY-NC-ND 3.0 CN"
"https://creativecommons.org/licenses/by-nc-sa/3.0/cn","CC BY-NC-SA 3.0 CN"
"https://creativecommons.org/licenses/by-nd/3.0/cn","CC BY-ND 3.0 CN"
"https://creativecommons.org/licenses/by-sa/3.0/cn","CC BY-SA 3.0 CN"
"https://creativecommons.org/licenses/by/3.0/cr","CC BY 3.0 CR"
"https://creativecommons.org/licenses/by-nc/3.0/cr","CC BY-NC 3.0 CR"
"https://creativecommons.org/licenses/by-nc-nd/3.0/cr","CC BY-NC-ND 3.0 CR"
"https://creativecommons.org/licenses/by-nc-sa/3.0/cr","CC BY-NC-SA 3.0 CR"
"https://creativecommons.org/licenses/by-nd/3.0/cr","CC BY-ND 3.0 CR"
"https://creativecommons.org/licenses/by-sa/3.0/cr","CC BY-SA 3.0 CR"
"https://creativecommons.org/licenses/by/3.0/cz","CC BY 3.0 CZ"
"https://creativecommons.org/licenses/by-nc/3.0/cz","CC BY-NC 3.0 CZ"
"https://creativecommons.org/licenses/by-nc-nd/3.0/cz","CC BY-NC-ND 3.0 CZ"
"https://creativecommons.org/licenses/by-nc-sa/3.0/cz","CC BY-NC-SA 3.0 CZ"
"https://creativecommons.org/licenses/by-nd/3.0/cz","CC BY-ND 3.0 CZ"
"https://creativecommons.org/licenses/by-sa/3.0/cz","CC BY-SA 3.0 CZ"
"https://creativecommons.org/licenses/by/3.0/de","CC BY 3.0 DE"
"https://creativecommons.org/licenses/by-nc/3.0/de","CC BY-NC 3.0 DE"
"https://creativecommons.org/licenses/by-nc-nd/3.0/de","CC BY-NC-ND 3.0 DE"
"https://creativecommons.org/licenses/by-nc-sa/3.0/de","CC BY-NC-SA 3.0 DE"
"https://creativecommons.org/licenses/by-nd/3.0/de","CC BY-ND 3.0 DE"
"https://creativecommons.org/licenses/by-sa/3.0/de","CC BY-SA 3.0 DE"
"https://creativecommons.org/licenses/by/3.0/ec","CC BY 3.0 EC"
"https://creativecommons.org/licenses/by-nc/3.0/ec","CC BY-NC 3.0 EC"
"https://creativecommons.org/licenses/by-nc-nd/3.0/ec","CC BY-NC-ND 3.0 EC"
"https://creativecommons.org/licenses/by-nc-sa/3.0/ec","CC BY-NC-SA 3.0 EC"
"https://creativecommons.org/licenses/by-nd/3.0/ec","CC BY-ND 3.0 EC"
"https://creativecommons.org/licenses/by-sa/3.0/ec","CC BY-SA 3.0 EC"
"https://creativecommons.org/licenses/by/3.0/ee","CC BY 3.0 EE"
"https://creativecommons.org/licenses/by-nc/3.0/ee","CC BY-NC 3.0 EE"
"https://creativecommons.org/licenses/by-nc-nd/3.0/ee","CC BY-NC-ND 3.0 EE"
"https://creativecommons.org/licenses/by-nc-sa/3.0/ee","CC BY-NC-SA 3.0 EE"
"https://creativecommons.org/licenses/by-nd/3.0/ee","CC BY-ND 3.0 EE"
"https://creativecommons.org/licenses/by-sa/3.0/ee","CC BY-SA 3.0 EE"
"https://creativecommons.org/licenses/by/3.0/eg","CC BY 3.0 EG"
"https://creativecommons.org/licenses/by-nc/3.0/eg","CC BY-NC 3.0 EG"
"https://creativecommons.org/licenses/by-nc-nd/3.0/eg","CC BY-NC-ND 3.0 EG"
"https://creativecommons.org/licenses/by-nc-sa/3.0/eg","CC BY-NC-SA 3.0 EG"
"https://creativecommons.org/licenses/by-nd/3.0/eg","CC BY-ND 3.0 EG"
"https://creativecommons.org/licenses/by-sa/3.0/eg","CC BY-SA 3.0 EG"
"https://creativecommons.org/licenses/by/3.0/es","CC BY 3.0 ES"
"https://creativecommons.org/licenses/by-nc/3.0/es","CC BY-NC 3.0 ES"
"https://creativecommons.org/licenses/by-nc-nd/3.0/es","CC BY-NC-ND 3.0 ES"
"https://creativecommons.org/licenses/by-nc-sa/3.0/es","CC BY-NC-SA 3.0 ES"
"https://creativecommons.org/licenses/by-nd/3.0/es","CC BY-ND 3.0 ES"
"https://creativecommons.org/licenses/by-sa/3.0/es","CC BY-SA 3.0 ES"
"https://creativecommons.org/licenses/by/3.0/fr","CC BY 3.0 FR"
"https://creativecommons.org/licenses/by-nc/3.0/fr","CC BY-NC 3.0 FR"
"https://creativecommons.org/licenses/by-nc-nd/3.0/fr","CC BY-NC-ND 3.0 FR"
"https://creativecommons.org/licenses/by-nc-sa/3.0/fr","CC BY-NC-SA 3.0 FR"
"https://creativecommons.org/licenses/by-nd/3.0/fr","CC BY-ND 3.0 FR"
"https://creativecommons.org/licenses/by-sa/3.0/fr","CC BY-SA 3.0 FR"
"https://creativecommons.org/licenses/by/3.0/ge","CC BY 3.0 GE"
"https://creativecommons.org/licenses/by-nc/3.0/ge","CC BY-NC 3.0 GE"
"https://creativecommons.org/licenses/by-nc-nd/3.0/ge","CC BY-NC-ND 3.0 GE"
"https://creativecommons.org/licenses/by-nc-sa/3.0/ge","CC BY-NC-SA 3.0 GE"
"https://creativecommons.org/licenses/by-nd/3.0/ge","CC BY-ND 3.0 GE"
"https://creativecommons.org/licenses/by-sa/3.0/ge","CC BY-SA 3.0 GE"
"https://creativecommons.org/licenses/by/3.0/gr","CC BY 3.0 GR"
"https://creativecommons.org/licenses/by-nc/3.0/gr","CC BY-NC 3.0 GR"
"https://creativecommons.org/licenses/by-nc-nd/3.0/gr","CC BY-NC-ND 3.0 GR"
"https://creativecommons.org/licenses/by-nc-sa/3.0/gr","CC BY-NC-SA 3.0 GR"
"https://creativecommons.org/licenses/by-nd/3.0/gr","CC BY-ND 3.0 GR"
"https://creativecommons.org/licenses/by-sa/3.0/gr","CC BY-SA 3.0 GR"
"https://creativecommons.org/licenses/by/3.0/gt","CC BY 3.0 GT"
"https://creativecommons.org/licenses/by-nc/3.0/gt","CC BY-NC 3.0 GT"
"https://creativecommons.org/licenses/by-nc-nd/3.0/gt","CC BY-NC-ND 3.0 GT"
"https://creativecommons.org/licenses/by-nc-sa/3.0/gt","CC BY-NC-SA 3.0 GT"
"https://creativecommons.org/licenses/by-nd/3.0/gt","CC BY-ND 3.0 GT"
"https://creativecommons.org/licenses/by-sa/3.0/gt","CC BY-SA 3.0 GT"
"https://creativecommons.org/licenses/by/3.0/hk","CC BY 3.0 HK"
"https://creativecommons.org/licenses/by-nc/3.0/hk","CC BY-NC 3.0 HK"
"https://creativecommons.org/licenses/by-nc-nd/3.0/hk","CC BY-NC-ND 3.0 HK"
"https://creativecommons.org/licenses/by-nc-sa/3.0/hk","CC BY-NC-SA 3.0 HK"
"https://creativecommons.org/licenses/by-nd/3.0/hk","CC BY-ND 3.0 HK"
"https://creativecommons.org/licenses/by-sa/3.0/hk","CC BY-SA 3.0 HK"
"https://creativecommons.org/licenses/by/3.0/hr","CC BY 3.0 HR"
"https://creativecommons.org/licenses/by-nc/3.0/hr","CC BY-NC 3.0 HR"
"https://creativecommons.org/licenses/by-nc-nd/3.0/hr","CC BY-NC-ND 3.0 HR"
"https://creativecommons.org/licenses/by-nc-sa/3.0/hr","CC BY-NC-SA 3.0 HR"
"https://creativecommons.org/licenses/by-nd/3.0/hr","CC BY-ND 3.0 HR"
"https://creativecommons.org/licenses/by-sa/3.0/hr","CC BY-SA 3.0 HR"
"https://creativecommons.org/licenses/by/3.0/ie","CC BY 3.0 IE"
"https://creativecommons.org/licenses/by-nc/3.0/ie","CC BY-NC 3.0 IE"
"https://creativecommons.org/licenses/by-nc-nd/3.0/ie","CC BY-NC-ND 3.0 IE"
"https://creativecommons.org/licenses/by-nc-sa/3.0/ie","CC BY-NC-SA 3.0 IE"
"https://creativecommons.org/licenses/by-nd/3.0/ie","CC BY-ND 3.0 IE"
"https://creativecommons.org/licenses/by-sa/3.0/ie","CC BY-SA 3.0 IE"
"https://creativecommons.org/licenses/by/3.0/igo","CC BY 3.0 IGO"
"https://creativecommons.org/licenses/by-nc/3.0/igo","CC BY-NC 3.0 IGO"
"https://creativecommons.org/licenses/by-nc-nd/3.0/igo","CC BY-NC-ND 3.0 IGO"
"https://creativecommons.org/licenses/by-nc-sa/3.0/igo","CC BY-NC-SA 3.0 IGO"
"https://creativecommons.org/licenses/by-nd/3.0/igo","CC BY-ND 3.0 IGO"
"https://creativecommons.org/licenses/by-sa/3.0/igo","CC BY-SA 3.0 IGO"
"https://creativecommons.org/licenses/by/3.0/it","CC BY 3.0 IT"
"https://creativecommons.org/licenses/by-nc/3.0/it","CC BY-NC 3.0 IT"
"https://creativecommons.org/licenses/by-nc-nd/3.0/it","CC BY-NC-ND 3.0 IT"
"https://creativecommons.org/licenses/by-nc-sa/3.0/it","CC BY-NC-SA 3.0 IT"
"https://creativecommons.org/licenses/by-nd/3.0/it","CC BY-ND 3.0 IT"
"https://creativecommons.org/licenses/by-sa/3.0/it","CC BY-SA 3.0 IT"
"https://creativecommons.org/licenses/by/3.0/lu","CC BY 3.0 LU"
"https://creativecommons.org/licenses/by-nc/3.0/lu","CC BY-NC 3.0 LU"
"https://creativecommons.org/licenses/by-nc-nd/3.0/lu","CC BY-NC-ND 3.0 LU"
"https://creativecommons.org/licenses/by-nc-sa/3.0/lu","CC BY-NC-SA 3.0 LU"
"https://creativecommons.org/licenses/by-nd/3.0/lu","CC BY-ND 3.0 LU"
"https://creativecommons.org/licenses/by-sa/3.0/lu","CC BY-SA 3.0 LU"
"https://creativecommons.org/licenses/by/3.0/nl","CC BY 3.0 NL"
"https://creativecommons.org/licenses/by-nc/3.0/nl","CC BY-NC 3.0 NL"
"https://creativecommons.org/licenses/by-nc-nd/3.0/nl","CC BY-NC-ND 3.0 NL"
"https://creativecommons.org/licenses/by-nc-sa/3.0/nl","CC BY-NC-SA 3.0 NL"
"https://creativecommons.org/licenses/by-nd/3.0/nl","CC BY-ND 3.0 NL"
"https://creativecommons.org/licenses/by-sa/3.0/nl","CC BY-SA 3.0 NL"
"https://creativecommons.org/licenses/by/3.0/no","CC BY 3.0 NO"
"https://creativecommons.org/licenses/by-nc/3.0/no","CC BY-NC 3.0 NO"
"https://creativecommons.org/licenses/by-nc-nd/3.0/no","CC BY-NC-ND 3.0 NO"
"https://creativecommons.org/licenses/by-nc-sa/3.0/no","CC BY-NC-SA 3.0 NO"
"https://creativecommons.org/licenses/by-nd/3.0/no","CC BY-ND 3.0 NO"
"https://creativecommons.org/licenses/by-sa/3.0/no","CC BY-SA 3.0 NO"
"https://creativecommons.org/licenses/by/3.0/nz","CC BY 3.0 NZ"
"https://creativecommons.org/licenses/by-nc/3.0/nz","CC BY-NC 3.0 NZ"
"https://creativecommons.org/licenses/by-nc-nd/3.0/nz","CC BY-NC-ND 3.0 NZ"
"https://creativecommons.org/licenses/by-nc-sa/3.0/nz","CC BY-NC-SA 3.0 NZ"
"https://creativecommons.org/licenses/by-nd/3.0/nz","CC BY-ND 3.0 NZ"
"https://creativecommons.org/licenses/by-sa/3.0/nz","CC BY-SA 3.0 NZ"
"https://creativecommons.org/licenses/by/3.0/ph","CC BY 3.0 PH"
"https://creativecommons.org/licenses/by-nc/3.0/ph","CC BY-NC 3.0 PH"
"https://creativecommons.org/licenses/by-nc-nd/3.0/ph","CC BY-NC-ND 3.0 PH"
"https://creativecommons.org/licenses/by-nc-sa/3.0/ph","CC BY-NC-SA 3.0 PH"
"https://creativecommons.org/licenses/by-nd/3.0/ph","CC BY-ND 3.0 PH"
"https://creativecommons.org/licenses/by-sa/3.0/ph","CC BY-SA 3.0 PH"
"https://creativecommons.org/licenses/by/3.0/pl","CC BY 3.0 PL"
"https://creativecommons.org/licenses/by-nc/3.0/pl","CC BY-NC 3.0 PL"
"https://creativecommons.org/licenses/by-nc-nd/3.0/pl","CC BY-NC-ND 3.0 PL"
"https://creativecommons.org/licenses/by-nc-sa/3.0/pl","CC BY-NC-SA 3.0 PL"
"https://creativecommons.org/licenses/by-nd/3.0/pl","CC BY-ND 3.0 PL"
"https://creativecommons.org/licenses/by-sa/3.0/pl","CC BY-SA 3.0 PL"
"https://creativecommons.org/licenses/by/3.0/pr","CC BY 3.0 PR"
"https://creativecommons.org/licenses/by-nc/3.0/pr","CC BY-NC 3.0 PR"
"https://creativecommons.org/licenses/by-nc-nd/3.0/pr","CC BY-NC-ND 3.0 PR"
"https://creativecommons.org/licenses/by-nc-sa/3.0/pr","CC BY-NC-SA 3.0 PR"
"https://creativecommons.org/licenses/by-nd/3.0/pr","CC BY-ND 3.0 PR"
"https://creativecommons.org/licenses/by-sa/3.0/pr","CC BY-SA 3.0 PR"
"https://creativecommons.org/licenses/by/3.0/pt","CC BY 3.0 PT"
"https://creativecommons.org/licenses/by-nc/3.0/pt","CC BY-NC 3.0 PT"
"https://creativecommons.org/licenses/by-nc-nd/3.0/pt","CC BY-NC-ND 3.0 PT"
"https://creativecommons.org/licenses/by-nc-sa/3.0/pt","CC BY-NC-SA 3.0 PT"
"https://creativecommons.org/licenses/by-nd/3.0/pt","CC BY-ND 3.0 PT"
"https://creativecommons.org/licenses/by-sa/3.0/pt","CC BY-SA 3.0 PT"
"https://creativecommons.org/licenses/by/3.0/ro","CC BY 3.0 RO"
"https://creativecommons.org/licenses/by-nc/3.0/ro","CC BY-NC 3.0 RO"
"https://creativecommons.org/licenses/by-nc-nd/3.0/ro","CC BY-NC-ND 3.0 RO"
"https://creativecommons.org/licenses/by-nc-sa/3.0/ro","CC BY-NC-SA 3.0 RO"
"https://creativecommons.org/licenses/by-nd/3.0/ro","CC BY-ND 3.0 RO"
"https://creativecommons.org/licenses/by-sa/3.0/ro","CC BY-SA 3.0 RO"
"https://creativecommons.org/licenses/by/3.0/rs","CC BY 3.0 RS"
"https://creativecommons.org/licenses/by-nc/3.0/rs","CC BY-NC 3.0 RS"
"https://creativecommons.org/licenses/by-nc-nd/3.0/rs","CC BY-NC-ND 3.0 RS"
"https://creativecommons.org/licenses/by-nc-sa/3.0/rs","CC BY-NC-SA 3.0 RS"
"https://creativecommons.org/licenses/by-nd/3.0/rs","CC BY-ND 3.0 RS"
"https://creativecommons.org/licenses/by-sa/3.0/rs","CC BY-SA 3.0 RS"
"https://creativecommons.org/licenses/by/3.0/sg","CC BY 3.0 SG"
"https://creativecommons.org/licenses/by-nc/3.0/sg","CC BY-NC 3.0 SG"
"https://creativecommons.org/licenses/by-nc-nd/3.0/sg","CC BY-NC-ND 3.0 SG"
"https://creativecommons.org/licenses/by-nc-sa/3.0/sg","CC BY-NC-SA 3.0 SG"
"https://creativecommons.org/licenses/by-nd/3.0/sg","CC BY-ND 3.0 SG"
"https://creativecommons.org/licenses/by-sa/3.0/sg","CC BY-SA 3.0 SG"
"https://creativecommons.org/licenses/by/3.0/th","CC BY 3.0 TH"
"https://creativecommons.org/licenses/by-nc/3.0/th","CC BY-NC 3.0 TH"
"https://creativecommons.org/licenses/by-nc-nd/3.0/th","CC BY-NC-ND 3.0 TH"
"https://creativecommons.org/licenses/by-nc-sa/3.0/th","CC BY-NC-SA 3.0 TH"
"https://creativecommons.org/licenses/by-nd/3.0/th","CC BY-ND 3.0 TH"
"https://creativecommons.org/licenses/by-sa/3.0/th","CC BY-SA 3.0 TH"
"https://creativecommons.org/licenses/by/3.0/tw","CC BY 3.0 TW"
"https://creativecommons.org/licenses/by-nc/3.0/tw","CC BY-NC 3.0 TW"
"https://creativecommons.org/licenses/by-nc-nd/3.0/tw","CC BY-NC-ND 3.0 TW"
"https://creativecommons.org/licenses/by-nc-sa/3.0/tw","CC BY-NC-SA 3.0 TW"
"https://creativecommons.org/licenses/by-nd/3.0/tw","CC BY-ND 3.0 TW"
"https://creativecommons.org/licenses/by-sa/3.0/tw","CC BY-SA 3.0 TW"
"https://creativecommons.org/licenses/by/3.0/ug","CC BY 3.0 UG"
"https://creativecommons.org/licenses/by-nc/3.0/ug","CC BY-NC 3.0 UG"
"https://creativecommons.org/licenses/by-nc-nd/3.0/ug","CC BY-NC-ND 3.0 UG"
"https://creativecommons.org/licenses/by-nc-sa/3.0/ug","CC BY-NC-SA 3.0 UG"
"https://creativecommons.org/licenses/by-nd/3.0/ug","CC BY-ND 3.0 UG"
"https://creativecommons.org/licenses/by-sa/3.0/ug","CC BY-SA 3.0 UG"
"https://creativecommons.org/licenses/by/3.0/us","CC BY 3.0 US"
"https://creativecommons.org/licenses/by-nc/3.0/us","CC BY-NC 3.0 US"
"https://creativecommons.org/licenses/by-nc-nd/3.0/us","CC BY-NC-ND 3.0 US"
"https://creativecommons.org/licenses/by-nc-sa/3.0/us","CC BY-NC-SA 3.0 US"
"https://creativecommons.org/licenses/by-nd/3.0/us","CC BY-ND 3.0 US"
"https://creativecommons.org/licenses/by-sa/3.0/us","CC BY-SA 3.0 US"
"https://creativecommons.org/licenses/by/3.0/ve","CC BY 3.0 VE"
"https://creativecommons.org/licenses/by-nc/3.0/ve","CC BY-NC 3.0 VE"
"https://creativecommons.org/licenses/by-nc-nd/3.0/ve","CC BY-NC-ND 3.0 VE"
"https://creativecommons.org/licenses/by-nc-sa/3.0/ve","CC BY-NC-SA 3.0 VE"
"https://creativecommons.org/licenses/by-nd/3.0/ve","CC BY-ND 3.0 VE"
"https://creativecommons.org/licenses/by-sa/3.0/ve","CC BY-SA 3.0 VE"
"https://creativecommons.org/licenses/by/3.0/vn","CC BY 3.0 VN"
"https://creativecommons.org/licenses/by-nc/3.0/vn","CC BY-NC 3.0 VN"
"https://creativecommons.org/licenses/by-nc-nd/3.0/vn","CC BY-NC-ND 3.0 VN"
"https://creativecommons.org/licenses/by-nc-sa/3.0/vn","CC BY-NC-SA 3.0 VN"
"https://creativecommons.org/licenses/by-nd/3.0/vn","CC BY-ND 3.0 VN"
"https://creativecommons.org/licenses/by-sa/3.0/vn","CC BY-SA 3.0 VN"
"https://creativecommons.org/licenses/by/3.0/za","CC BY 3.0 ZA"
"https://creativecommons.org/licenses/by-nc/3.0/za","CC BY-NC 3.0 ZA"
"https://creativecommons.org/licenses/by-nc-nd/3.0/za","CC BY-NC-ND 3.0 ZA"
"https://creativecommons.org/licenses/by-nc-sa/3.0/za","CC BY-NC-SA 3.0 ZA"
"https://creativecommons.org/licenses/by-nd/3.0/za","CC BY-ND 3.0 ZA"
"https://creativecommons.org/licenses/by-sa/3.0/za","CC BY-SA 3.0 ZA"
"https://creativecommons.org/licenses/by/2.5/ar","CC BY 2.5 AR"
"https://creativecommons.org/licenses/by-nc/2.5/ar","CC BY-NC 2.5 AR"
"https://creativecommons.org/licenses/by-nc-nd/2.5/ar","CC BY-NC-ND 2.5 AR"
"https://creativecommons.org/licenses/by-nc-sa/2.5/ar","CC BY-NC-SA 2.5 AR"
"https://creativecommons.org/licenses/by-nd/2.5/ar","CC BY-ND 2.5 AR"
"https://creativecommons.org/licenses/by-sa/2.5/ar","CC BY-SA 2.5 AR"
"https://creativecommons.org/licenses/by/2.5/au","CC BY 2.5 AU"
"https://creativecommons.org/licenses/by-nc/2.5/au","CC BY-NC 2.5 AU"
"https://creativecommons.org/licenses/by-nc-nd/2.5/au","CC BY-NC-ND 2.5 AU"
"https://creativecommons.org/licenses/by-nc-sa/2.5/au","CC BY-NC-SA 2.5 AU"
"https://creativecommons.org/licenses/by-nd/2.5/au","CC BY-ND 2.5 AU"
"https://creativecommons.org/licenses/by-sa/2.5/au","CC BY-SA 2.5 AU"
"https://creativecommons.org/licenses/by/2.5/bg","CC BY 2.5 BG"
"https://creativecommons.org/licenses/by-nc/2.5/bg","CC BY-NC 2.5 BG"
"https://creativecommons.org/licenses/by-nc-nd/2.5/bg","CC BY-NC-ND 2.5 BG"
"https://creativecommons.org/licenses/by-nc-sa/2.5/bg","CC BY-NC-SA 2.5 BG"
"https://creativecommons.org/licenses/by-nd/2.5/bg","CC BY-ND 2.5 BG"
"https://creativecommons.org/licenses/by-sa/2.5/bg","CC BY-SA 2.5 BG"
"https://creativecommons.org/licenses/by/2.5/br","CC BY 2.5 BR"
"https://creativecommons.org/licenses/by-nc/2.5/br","CC BY-NC 2.5 BR"
"https://creativecommons.org/licenses/by-nc-nd/2.5/br","CC BY-NC-ND 2.5 BR"
"https://creativecommons.org/licenses/by-nc-sa/2.5/br","CC BY-NC-SA 2.5 BR"
"https://creativecommons.org/licenses/by-nd/2.5/br","CC BY-ND 2.5 BR"
"https://creativecommons.org/licenses/by-sa/2.5/br","CC BY-SA 2.5 BR"
"https://creativecommons.org/licenses/by/2.5/ca","CC BY 2.5 CA"
"https://creativecommons.org/licenses/by-nc/2.5/ca","CC BY-NC 2.5 CA"
"https://creativecommons.org/licenses/by-nc-nd/2.5/ca","CC BY-NC-ND 2.5 CA"
"https://creativecommons.org/licenses/by-nc-sa/2.5/ca","CC BY-NC-SA 2.5 CA"
"https://creativecommons.org/licenses/by-nd/2.5/ca","CC BY-ND 2.5 CA"
"https://creativecommons.org/licenses/by-sa/2.5/ca","CC BY-SA 2.5 CA"
"https://creativecommons.org/licenses/by/2.5/ch","CC BY 2.5 CH"
"https://creativecommons.org/licenses/by-nc/2.5/ch","CC BY-NC 2.5 CH"
"https://creativecommons.org/licenses/by-nc-nd/2.5/ch","CC BY-NC-ND 2.5 CH"
"https://creativecommons.org/licenses/by-nc-sa/2.5/ch","CC BY-NC-SA 2.5 CH"
"https://creativecommons.org/licenses/by-nd/2.5/ch","CC BY-ND 2.5 CH"
"https://creativecommons.org/licenses/by-sa/2.5/ch","CC BY-SA 2.5 CH"
"https://creativecommons.org/licenses/by/2.5/cn","CC BY 2.5 CN"
"https://creativecommons.org/licenses/by-nc/2.5/cn","CC BY-NC 2.5 CN"
"https://creativecommons.org/licenses/by-nc-nd/2.5/cn","CC BY-NC-ND 2.5 CN"
"https://creativecommons.org/licenses/by-nc-sa/2.5/cn","CC BY-NC-SA 2.5 CN"
"https://creativecommons.org/licenses/by-nd/2.5/cn","CC BY-ND 2.5 CN"
"https://creativecommons.org/licenses/by-sa/2.5/cn","CC BY-SA 2.5 CN"
"https://creativecommons.org/licenses/by/2.5/co","CC BY 2.5 CO"
"https://creativecommons.org/licenses/by-nc/2.5/co","CC BY-NC 2.5 CO"
"https://creativecommons.org/licenses/by-nc-nd/2.5/co","CC BY-NC-ND 2.5 CO"
"https://creativecommons.org/licenses/by-nc-sa/2.5/co","CC BY-NC-SA 2.5 CO"
"https://creativecommons.org/licenses/by-nd/2.5/co","CC BY-ND 2.5 CO"
"https://creativecommons.org/licenses/by-sa/2.5/co","CC BY-SA 2.5 CO"
"https://creativecommons.org/licenses/by/2.5/dk","CC BY 2.5 DK"
"https://creativecommons.org/licenses/by-nc/2.5/dk","CC BY-NC 2.5 DK"
"https://creativecommons.org/licenses/by-nc-nd/2.5/dk","CC BY-NC-ND 2.5 DK"
"https://creativecommons.org/licenses/by-nc-sa/2.5/dk","CC BY-NC-SA 2.5 DK"
"https://creativecommons.org/licenses/by-nd/2.5/dk","CC BY-ND 2.5 DK"
"https://creativecommons.org/licenses/by-sa/2.5/dk","CC BY-SA 2.5 DK"
"https://creativecommons.org/licenses/by/2.5/es","CC BY 2.5 ES"
"https://creativecommons.org/licenses/by-nc/2.5/es","CC BY-NC 2.5 ES"
"https://creativecommons.org/licenses/by-nc-nd/2.5/es","CC BY-NC-ND 2.5 ES"
"https://creativecommons.org/licenses/by-nc-sa/2.5/es","CC BY-NC-SA 2.5 ES"
"https://creativecommons.org/licenses/by-nd/2.5/es","CC BY-ND 2.5 ES"
"https://creativecommons.org/licenses/by-sa/2.5/es","CC BY-SA 2.5 ES"
"https://creativecommons.org/licenses/by/2.5/hr","CC BY 2.5 HR"
"https://creativecommons.org/licenses/by-nc/2.5/hr","CC BY-NC 2.5 HR"
"https://creativecommons.org/licenses/by-nc-nd/2.5/hr","CC BY-NC-ND 2.5 HR"
"https://creativecommons.org/licenses/by-nc-sa/2.5/hr","CC BY-NC-SA 2.5 HR"
"https://creativecommons.org/licenses/by-nd/2.5/hr","CC BY-ND 2.5 HR"
"https://creativecommons.org/licenses/by-sa/2.5/hr","CC BY-SA 2.5 HR"
"https://creativecommons.org/licenses/by/2.5/hu","CC BY 2.5 HU"
"https://creativecommons.org/licenses/by-nc/2.5/hu","CC BY-NC 2.5 HU"
"https://creativecommons.org/licenses/by-nc-nd/2.5/hu","CC BY-NC-ND 2.5 HU"
"https://creativecommons.org/licenses/by-nc-sa/2.5/hu","CC BY-NC-SA 2.5 HU"
"https://creativecommons.org/licenses/by-nd/2.5/hu","CC BY-ND 2.5 HU"
"https://creativecommons.org/licenses/by-sa/2.5/hu","CC BY-SA 2.5 HU"
"https://creativecommons.org/licenses/by/2.5/il","CC BY 2.5 IL"
"https://creativecommons.org/licenses/by-nc/2.5/il","CC BY-NC 2.5 IL"
"https://creativecommons.org/licenses/by-nc-nd/2.5/il","CC BY-NC-ND 2.5 IL"
"https://creativecommons.org/licenses/by-nc-sa/2.5/il","CC BY-NC-SA 2.5 IL"
"https://creativecommons.org/licenses/by-nd/2.5/il","CC BY-ND 2.5 IL"
"https://creativecommons.org/licenses/by-sa/2.5/il","CC BY-SA 2.5 IL"
"https://creativecommons.org/licenses/by/2.5/in","CC BY 2.5 IN"
"https://creativecommons.org/licenses/by-nc/2.5/in","CC BY-NC 2.5 IN"
"https://creativecommons.org/licenses/by-nc-nd/2.5/in","CC BY-NC-ND 2.5 IN"
"https://creativecommons.org/licenses/by-nc-sa/2.5/in","CC BY-NC-SA 2.5 IN"
"https://creativecommons.org/licenses/by-nd/2.5/in","CC BY-ND 2.5 IN"
"https://creativecommons.org/licenses/by-sa/2.5/in","CC BY-SA 2.5 IN"
"https://creativecommons.org/licenses/by/2.5/it","CC BY 2.5 IT"
"https://creativecommons.org/licenses/by-nc/2.5/it","CC BY-NC 2.5 IT"
"https://creativecommons.org/licenses/by-nc-nd/2.5/it","CC BY-NC-ND 2.5 IT"
"https://creativecommons.org/licenses/by-nc-sa/2.5/it","CC BY-NC-SA 2.5 IT"
"https://creativecommons.org/licenses/by-nd/2.5/it","CC BY-ND 2.5 IT"
"https://creativecommons.org/licenses/by-sa/2.5/it","CC BY-SA 2.5 IT"
"https://creativecommons.org/licenses/by/2.5/mk","CC BY 2.5 MK"
"https://creativecommons.org/licenses/by-nc/2.5/mk","CC BY-NC 2.5 MK"
"https://creativecommons.org/licenses/by-nc-nd/2.5/mk","CC BY-NC-ND 2.5 MK"
"https://creativecommons.org/licenses/by-nc-sa/2.5/mk","CC BY-NC-SA 2.5 MK"
"https://creativecommons.org/licenses/by-nd/2.5/mk","CC BY-ND 2.5 MK"
"https://creativecommons.org/licenses/by-sa/2.5/mk","CC BY-SA 2.5 MK"
"https://creativecommons.org/licenses/by/2.5/mt","CC BY 2.5 MT"
"https://creativecommons.org/licenses/by-nc/2.5/mt","CC BY-NC 2.5 MT"
"https://creativecommons.org/licenses/by-nc-nd/2.5/mt","CC BY-NC-ND 2.5 MT"
"https://creativecommons.org/licenses/by-nc-sa/2.5/mt","CC BY-NC-SA 2.5 MT"
"https://creativecommons.org/licenses/by-nd/2.5/mt","CC BY-ND 2.5 MT"
"https://creativecommons.org/licenses/by-sa/2.5/mt","CC BY-SA 2.5 MT"
"https://creativecommons.org/licenses/by/2.5/mx","CC BY 2.5 MX"
"https://creativecommons.org/licenses/by-nc/2.5/mx","CC BY-NC 2.5 MX"
"https://creativecommons.org/licenses/by-nc-nd/2.5/mx","CC BY-NC-ND 2.5 MX"
"https://creativecommons.org/licenses/by-nc-sa/2.5/mx","CC BY-NC-SA 2.5 MX"
"https://creativecommons.org/licenses/by-nd/2.5/mx","CC BY-ND 2.5 MX"
"https://creativecommons.org/licenses/by-sa/2.5/mx","CC BY-SA 2.5 MX"
"https://creativecommons.org/licenses/by/2.5/my","CC BY 2.5 MY"
"https://creativecommons.org/licenses/by-nc/2.5/my","CC BY-NC 2.5 MY"
"https://creativecommons.org/licenses/by-nc-nd/2.5/my","CC BY-NC-ND 2.5 MY"
"https://creativecommons.org/licenses/by-nc-sa/2.5/my","CC BY-NC-SA 2.5 MY"
"https://creativecommons.org/licenses/by-nd/2.5/my","CC BY-ND 2.5 MY"
"https://creativecommons.org/licenses/by-sa/2.5/my","CC BY-SA 2.5 MY"
"https://creativecommons.org/licenses/by/2.5/nl","CC BY 2.5 NL"
"https://creativecommons.org/licenses/by-nc/2.5/nl","CC BY-NC 2.5 NL"
"https://creativecommons.org/licenses/by-nc-nd/2.5/nl","CC BY-NC-ND 2.5 NL"
"https://creativecommons.org/licenses/by-nc-sa/2.5/nl","CC BY-NC-SA 2.5 NL"
"https://creativecommons.org/licenses/by-nd/2.5/nl","CC BY-ND 2.5 NL"
"https://creativecommons.org/licenses/by-sa/2.5/nl","CC BY-SA 2.5 NL"
"https://creativecommons.org/licenses/by/2.5/pe","CC BY 2.5 PE"
"https://creativecommons.org/licenses/by-nc/2.5/pe","CC BY-NC 2.5 PE"
"https://creativecommons.org/licenses/by-nc-nd/2.5/pe","CC BY-NC-ND 2.5 PE"
"https://creativecommons.org/licenses/by-nc-sa/2.5/pe","CC BY-NC-SA 2.5 PE"
"https://creativecommons.org/licenses/by-nd/2.5/pe","CC BY-ND 2.5 PE"
"https://creativecommons.org/licenses/by-sa/2.5/pe","CC BY-SA 2.5 PE"
"https://creativecommons.org/licenses/by/2.5/pl","CC BY 2.5 PL"
"https://creativecommons.org/licenses/by-nc/2.5/pl","CC BY-NC 2.5 PL"
"https://creativecommons.org/licenses/by-nc-nd/2.5/pl","CC BY-NC-ND 2.5 PL"
"https://creativecommons.org/licenses/by-nc-sa/2.5/pl","CC BY-NC-SA 2.5 PL"
"https://creativecommons.org/licenses/by-nd/2.5/pl","CC BY-ND 2.5 PL"
"https://creativecommons.org/licenses/by-sa/2.5/pl","CC BY-SA 2.5 PL"
"https://creativecommons.org/licenses/by/2.5/pt","CC BY 2.5 PT"
"https://creativecommons.org/licenses/by-nc/2.5/pt","CC BY-NC 2.5 PT"
"https://creativecommons.org/licenses/by-nc-nd/2.5/pt","CC BY-NC-ND 2.5 PT"
"https://creativecommons.org/licenses/by-nc-sa/2.5/pt","CC BY-NC-SA 2.5 PT"
"https://creativecommons.org/licenses/by-nd/2.5/pt","CC BY-ND 2.5 PT"
"https://creativecommons.org/licenses/by-sa/2.5/pt","CC BY-SA 2.5 PT"
"https://creativecommons.org/licenses/by/2.5/scotland","CC BY 2.5 SCOTLAND"
"https://creativecommons.org/licenses/by-nc/2.5/scotland","CC BY-NC 2.5 SCOTLAND"
"https://creativecommons.org/licenses/by-nc-nd/2.5/scotland","CC BY-NC-ND 2.5 SCOTLAND"
"https://creativecommons.org/licenses/by-nc-sa/2.5/scotland","CC BY-NC-SA 2.5 SCOTLAND"
"https://creativecommons.org/licenses/by-nd/2.5/scotland","CC BY-ND 2.5 SCOTLAND"
"https://creativecommons.org/licenses/by-sa/2.5/scotland","CC BY-SA 2.5 SCOTLAND"
"https://creativecommons.org/licenses/by/2.5/se","CC BY 2.5 SE"
"https://creativecommons.org/licenses/by-nc/2.5/se","CC BY-NC 2.5 SE"
"https://creativecommons.org/licenses/by-nc-nd/2.5/se","CC BY-NC-ND 2.5 SE"
"https://creativecommons.org/licenses/by-nc-sa/2.5/se","CC BY-NC-SA 2.5 SE"
"https://creativecommons.org/licenses/by-nd/2.5/se","CC BY-ND 2.5 SE"
"https://creativecommons.org/licenses/by-sa/2.5/se","CC BY-SA 2.5 SE"
"https://creativecommons.org/licenses/by/2.5/si","CC BY 2.5 SI"
"https://creativecommons.org/licenses/by-nc/2.5/si","CC BY-NC 2.5 SI"
"https://creativecommons.org/licenses/by-nc-nd/2.5/si","CC BY-NC-ND 2.5 SI"
"https://creativecommons.org/licenses/by-nc-sa/2.5/si","CC BY-NC-SA 2.5 SI"
"https://creativecommons.org/licenses/by-nd/2.5/si","CC BY-ND 2.5 SI"
"https://creativecommons.org/licenses/by-sa/2.5/si","CC BY-SA 2.5 SI"
"https://creativecommons.org/licenses/by/2.5/tw","CC BY 2.5 TW"
"https://creativecommons.org/licenses/by-nc/2.5/tw","CC BY-NC 2.5 TW"
"https://creativecommons.org/licenses/by-nc-nd/2.5/tw","CC BY-NC-ND 2.5 TW"
"https://creativecommons.org/licenses/by-nc-sa/2.5/tw","CC BY-NC-SA 2.5 TW"
"https://creativecommons.org/licenses/by-nd/2.5/tw","CC BY-ND 2.5 TW"
"https://creativecommons.org/licenses/by-sa/2.5/tw","CC BY-SA 2.5 TW"
"https://creativecommons.org/licenses/by/2.5/za","CC BY 2.5 ZA"
"https://creativecommons.org/licenses/by-nc/2.5/za","CC BY-NC 2.5 ZA"
"https://creativecommons.org/licenses/by-nc-nd/2.5/za","CC BY-NC-ND 2.5 ZA"
"https://creativecommons.org/licenses/by-nc-sa/2.5/za","CC BY-NC-SA 2.5 ZA"
"https://creativecommons.org/licenses/by-nd/2.5/za","CC BY-ND 2.5 ZA"
"https://creativecommons.org/licenses/by-sa/2.5/za","CC BY-SA 2.5 ZA"
"https://creativecommons.org/licenses/by/2.1/au","CC BY 2.1 AU"
"https://creativecommons.org/licenses/by-nc/2.1/au","CC BY-NC 2.1 AU"
"https://creativecommons.org/licenses/by-nc-nd/2.1/au","CC BY-NC-ND 2.1 AU"
"https://creativecommons.org/licenses/by-nc-sa/2.1/au","CC BY-NC-SA 2.1 AU"
"https://creativecommons.org/licenses/by-nd/2.1/au","CC BY-ND 2.1 AU"
"https://creativecommons.org/licenses/by-sa/2.1/au","CC BY-SA 2.1 AU"
"https://creativecommons.org/licenses/by/2.1/ca","CC BY 2.1 CA"
"https://creativecommons.org/licenses/by-nc/2.1/ca","CC BY-NC 2.1 CA"
"https://creativecommons.org/licenses/by-nc-nd/2.1/ca","CC BY-NC-ND 2.1 CA"
"https://creativecommons.org/licenses/by-nc-sa/2.1/ca","CC BY-NC-SA 2.1 CA"
"https://creativecommons.org/licenses/by-nd/2.1/ca","CC BY-ND 2.1 CA"
"https://creativecommons.org/licenses/by-sa/2.1/ca","CC BY-SA 2.1 CA"
"https://creativecommons.org/licenses/by/2.1/es","CC BY 2.1 ES"
"https://creativecommons.org/licenses/by-nc/2.1/es","CC BY-NC 2.1 ES"
"https://creativecommons.org/licenses/by-nc-nd/2.1/es","CC BY-NC-ND 2.1 ES"
"https://creativecommons.org/licenses/by-nc-sa/2.1/es","CC BY-NC-SA 2.1 ES"
"https://creativecommons.org/licenses/by-nd/2.1/es","CC BY-ND 2.1 ES"
"https://creativecommons.org/licenses/by-sa/2.1/es","CC BY-SA 2.1 ES"
"https://creativecommons.org/licenses/by/2.1/jp","CC BY 2.1 JP"
"https://creativecommons.org/licenses/by-nc/2.1/jp","CC BY-NC 2.1 JP"
"https://creativecommons.org/licenses/by-nc-nd/2.1/jp","CC BY-NC-ND 2.1 JP"
"https://creativecommons.org/licenses/by-nc-sa/2.1/jp","CC BY-NC-SA 2.1 JP"
"https://creativecommons.org/licenses/by-nd/2.1/jp","CC BY-ND 2.1 JP"
"https://creativecommons.org/licenses/by-sa/2.1/jp","CC BY-SA 2.1 JP"
"https://creativecommons.org/licenses/by/2.0/at","CC BY 2.0 AT"
"https://creativecommons.org/licenses/by-nc/2.0/at","CC BY-NC 2.0 AT"
"https://creativecommons.org/licenses/by-nc-nd/2.0/at","CC BY-NC-ND 2.0 AT"
"https://creativecommons.org/licenses/by-nc-sa/2.0/at","CC BY-NC-SA 2.0 AT"
"https://creativecommons.org/licenses/by-nd/2.0/at","CC BY-ND 2.0 AT"
"https://creativecommons.org/licenses/by-sa/2.0/at","CC BY-SA 2.0 AT"
"https://creativecommons.org/licenses/by/2.0/au","CC BY 2.0 AU"
"https://creativecommons.org/licenses/by-nc/2.0/au","CC BY-NC 2.0 AU"
"https://creativecommons.org/licenses/by-nc-nd/2.0/au","CC BY-NC-ND 2.0 AU"
"https://creativecommons.org/licenses/by-nc-sa/2.0/au","CC BY-NC-SA 2.0 AU"
"https://creativecommons.org/licenses/by-nd/2.0/au","CC BY-ND 2.0 AU"
"https://creativecommons.org/licenses/by-sa/2.0/au","CC BY-SA 2.0 AU"
"https://creativecommons.org/licenses/by/2.0/be","CC BY 2.0 BE"
"https://creativecommons.org/licenses/by-nc/2.0/be","CC BY-NC 2.0 BE"
"https://creativecommons.org/licenses/by-nc-nd/2.0/be","CC BY-NC-ND 2.0 BE"
"https://creativecommons.org/licenses/by-nc-sa/2.0/be","CC BY-NC-SA 2.0 BE"
"https://creativecommons.org/licenses/by-nd/2.0/be","CC BY-ND 2.0 BE"
"https://creativecommons.org/licenses/by-sa/2.0/be","CC BY-SA 2.0 BE"
"https://creativecommons.org/licenses/by/2.0/br","CC BY 2.0 BR"
"https://creativecommons.org/licenses/by-nc/2.0/br","CC BY-NC 2.0 BR"
"https://creativecommons.org/licenses/by-nc-nd/2.0/br","CC BY-NC-ND 2.0 BR"
"https://creativecommons.org/licenses/by-nc-sa/2.0/br","CC BY-NC-SA 2.0 BR"
"https://creativecommons.org/licenses/by-nd/2.0/br","CC BY-ND 2.0 BR"
"https://creativecommons.org/licenses/by-sa/2.0/br","CC BY-SA 2.0 BR"
"https://creativecommons.org/licenses/by/2.0/ca","CC BY 2.0 CA"
"https://creativecommons.org/licenses/by-nc/2.0/ca","CC BY-NC 2.0 CA"
"https://creativecommons.org/licenses/by-nc-nd/2.0/ca","CC BY-NC-ND 2.0 CA"
"https://creativecommons.org/licenses/by-nc-sa/2.0/ca","CC BY-NC-SA 2.0 CA"
"https://creativecommons.org/licenses/by-nd/2.0/ca","CC BY-ND 2.0 CA"
"https://creativecommons.org/licenses/by-sa/2.0/ca","CC BY-SA 2.0 CA"
"https://creativecommons.org/licenses/by/2.0/cl","CC BY 2.0 CL"
"https://creativecommons.org/licenses/by-nc/2.0/cl","CC BY-NC 2.0 CL"
"https://creativecommons.org/licenses/by-nc-nd/2.0/cl","CC BY-NC-ND 2.0 CL"
"https://creativecommons.org/licenses/by-nc-sa/2.0/cl","CC BY-NC-SA 2.0 CL"
"https://creativecommons.org/licenses/by-nd/2.0/cl","CC BY-ND 2.0 CL"
"https://creativecommons.org/licenses/by-sa/2.0/cl","CC BY-SA 2.0 CL"
"https://creativecommons.org/licenses/by/2.0/de","CC BY 2.0 DE"
"https://creativecommons.org/licenses/by-nc/2.0/de","CC BY-NC 2.0 DE"
"https://creativecommons.org/licenses/by-nc-nd/2.0/de","CC BY-NC-ND 2.0 DE"
"https://creativecommons.org/licenses/by-nc-sa/2.0/de","CC BY-NC-SA 2.0 DE"
"https://creativecommons.org/licenses/by-nd/2.0/de","CC BY-ND 2.0 DE"
"https://creativecommons.org/licenses/by-sa/2.0/de","CC BY-SA 2.0 DE"
"https://creativecommons.org/licenses/by/2.0/es","CC BY 2.0 ES"
"https://creativecommons.org/licenses/by-nc/2.0/es","CC BY-NC 2.0 ES"
"https://creativecommons.org/licenses/by-nc-nd/2.0/es","CC BY-NC-ND 2.0 ES"
"https://creativecommons.org/licenses/by-nc-sa/2.0/es","CC BY-NC-SA 2.0 ES"
"https://creativecommons.org/licenses/by-nd/2.0/es","CC BY-ND 2.0 ES"
"https://creativecommons.org/licenses/by-sa/2.0/es","CC BY-SA 2.0 ES"
"https://creativecommons.org/licenses/by/2.0/fr","CC BY 2.0 FR"
"https://creativecommons.org/licenses/by-nc/2.0/fr","CC BY-NC 2.0 FR"
"https://creativecommons.org/licenses/by-nc-nd/2.0/fr","CC BY-NC-ND 2.0 FR"
"https://creativecommons.org/licenses/by-nc-sa/2.0/fr","CC BY-NC-SA 2.0 FR"
"https://creativecommons.org/licenses/by-nd/2.0/fr","CC BY-ND 2.0 FR"
"https://creativecommons.org/licenses/by-sa/2.0/fr","CC BY-SA 2.0 FR"
"https://creativecommons.org/licenses/by/2.0/hr","CC BY 2.0 HR"
"https://creativecommons.org/licenses/by-nc/2.0/hr","CC BY-NC 2.0 HR"
"https://creativecommons.org/licenses/by-nc-nd/2.0/hr","CC BY-NC-ND 2.0 HR"
"https://creativecommons.org/licenses/by-nc-sa/2.0/hr","CC BY-NC-SA 2.0 HR"
"https://creativecommons.org/licenses/by-nd/2.0/hr","CC BY-ND 2.0 HR"
"https://creativecommons.org/licenses/by-sa/2.0/hr","CC BY-SA 2.0 HR"
"https://creativecommons.org/licenses/by/2.0/it","CC BY 2.0 IT"
"https://creativecommons.org/licenses/by-nc/2.0/it","CC BY-NC 2.0 IT"
"https://creativecommons.org/licenses/by-nc-nd/2.0/it","CC BY-NC-ND 2.0 IT"
"https://creativecommons.org/licenses/by-nc-sa/2.0/it","CC BY-NC-SA 2.0 IT"
"https://creativecommons.org/licenses/by-nd/2.0/it","CC BY-ND 2.0 IT"
"https://creativecommons.org/licenses/by-sa/2.0/it","CC BY-SA 2.0 IT"
"https://creativecommons.org/licenses/by/2.0/jp","CC BY 2.0 JP"
"https://creativecommons.org/licenses/by-nc/2.0/jp","CC BY-NC 2.0 JP"
"https://creativecommons.org/licenses/by-nc-nd/2.0/jp","CC BY-NC-ND 2.0 JP"
"https://creativecommons.org/licenses/by-nc-sa/2.0/jp","CC BY-NC-SA 2.0 JP"
"https://creativecommons.org/licenses/by-nd/2.0/jp","CC BY-ND 2.0 JP"
"https://creativecommons.org/licenses/by-nd-nc/2.0/jp","CC BY-ND-NC 2.0 JP"
"https://creativecommons.org/licenses/by-sa/2.0/jp","CC BY-SA 2.0 JP"
"https://creativecommons.org/licenses/by/2.0/kr","CC BY 2.0 KR"
"https://creativecommons.org/licenses/by-nc/2.0/kr","CC BY-NC 2.0 KR"
"https://creativecommons.org/licenses/by-nc-nd/2.0/kr","CC BY-NC-ND 2.0 KR"
"https://creativecommons.org/licenses/by-nc-sa/2.0/kr","CC BY-NC-SA 2.0 KR"
"https://creativecommons.org/licenses/by-nd/2.0/kr","CC BY-ND 2.0 KR"
"https://creativecommons.org/licenses/by-sa/2.0/kr","CC BY-SA 2.0 KR"
"https://creativecommons.org/licenses/by/2.0/nl","CC BY 2.0 NL"
"https://creativecommons.org/licenses/by-nc/2.0/nl","CC BY-NC 2.0 NL"
"https://creativecommons.org/licenses/by-nc-nd/2.0/nl","CC BY-NC-ND 2.0 NL"
"https://creativecommons.org/licenses/by-nc-sa/2.0/nl","CC BY-NC-SA 2.0 NL"
"https://creativecommons.org/licenses/by-nd/2.0/nl","CC BY-ND 2.0 NL"
"https://creativecommons.org/licenses/by-sa/2.0/nl","CC BY-SA 2.0 NL"
"https://creativecommons.org/licenses/by/2.0/pl","CC BY 2.0 PL"
"https://creativecommons.org/licenses/by-nc/2.0/pl","CC BY-NC 2.0 PL"
"https://creativecommons.org/licenses/by-nc-nd/2.0/pl","CC BY-NC-ND 2.0 PL"
"https://creativecommons.org/licenses/by-nc-sa/2.0/pl","CC BY-NC-SA 2.0 PL"
"https://creativecommons.org/licenses/by-nd/2.0/pl","CC BY-ND 2.0 PL"
"https://creativecommons.org/licenses/by-sa/2.0/pl","CC BY-SA 2.0 PL"
"https://creativecommons.org/licenses/by/2.0/tw","CC BY 2.0 TW"
"https://creativecommons.org/licenses/by-nc/2.0/tw","CC BY-NC 2.0 TW"
"https://creativecommons.org/licenses/by-nc-nd/2.0/tw","CC BY-NC-ND 2.0 TW"
"https://creativecommons.org/licenses/by-nc-sa/2.0/tw","CC BY-NC-SA 2.0 TW"
"https://creativecommons.org/licenses/by-nd/2.0/tw","CC BY-ND 2.0 TW"
"https://creativecommons.org/licenses/by-sa/2.0/tw","CC BY-SA 2.0 TW"
"https://creativecommons.org/licenses/by/2.0/uk","CC BY 2.0 UK"
"https://creativecommons.org/licenses/by-nc/2.0/uk","CC BY-NC 2.0 UK"
"https://creativecommons.org/licenses/by-nc-nd/2.0/uk","CC BY-NC-ND 2.0 UK"
"https://creativecommons.org/licenses/by-nc-sa/2.0/uk","CC BY-NC-SA 2.0 UK"
"https://creativecommons.org/licenses/by-nd/2.0/uk","CC BY-ND 2.0 UK"
"https://creativecommons.org/licenses/by-sa/2.0/uk","CC BY-SA 2.0 UK"
"https://creativecommons.org/licenses/by/2.0/za","CC BY 2.0 ZA"
"https://creativecommons.org/licenses/by-nc/2.0/za","CC BY-NC 2.0 ZA"
"https://creativecommons.org/licenses/by-nc-nd/2.0/za","CC BY-NC-ND 2.0 ZA"
"https://creativecommons.org/licenses/by-nc-sa/2.0/za","CC BY-NC-SA 2.0 ZA"
"https://creativecommons.org/licenses/by-nd/2.0/za","CC BY-ND 2.0 ZA"
"https://creativecommons.org/licenses/by-sa/2.0/za","CC BY-SA 2.0 ZA"
"https://creativecommons.org/licenses/by/1.0/fi","CC BY 1.0 FI"
"https://creativecommons.org/licenses/by-nc/1.0/fi","CC BY-NC 1.0 FI"
"https://creativecommons.org/licenses/by-nc-sa/1.0/fi","CC BY-NC-SA 1.0 FI"
"https://creativecommons.org/licenses/by-nd/1.0/fi","CC BY-ND 1.0 FI"
"https://creativecommons.org/licenses/by-nd-nc/1.0/fi","CC BY-ND-NC 1.0 FI"
"https://creativecommons.org/licenses/by-sa/1.0/fi","CC BY-SA 1.0 FI"
"https://creativecommons.org/licenses/by/1.0/il","CC BY 1.0 IL"
"https://creativecommons.org/licenses/by-nc/1.0/il","CC BY-NC 1.0 IL"
"https://creativecommons.org/licenses/by-nc-sa/1.0/il","CC BY-NC-SA 1.0 IL"
"https://creativecommons.org/licenses/by-nd/1.0/il","CC BY-ND 1.0 IL"
"https://creativecommons.org/licenses/by-nd-nc/1.0/il","CC BY-ND-NC 1.0 IL"
"https://creativecommons.org/licenses/by-sa/1.0/il","CC BY-SA 1.0 IL"
"https://creativecommons.org/licenses/by/1.0/nl","CC BY 1.0 NL"
"https://creativecommons.org/licenses/by-nc/1.0/nl","CC BY-NC 1.0 NL"
"https://creativecommons.org/licenses/by-nc-sa/1.0/nl","CC BY-NC-SA 1.0 NL"
"https://creativecommons.org/licenses/by-nd/1.0/nl","CC BY-ND 1.0 NL"
"https://creativecommons.org/licenses/by-nd-nc/1.0/nl","CC BY-ND-NC 1.0 NL"
"https://creativecommons.org/licenses/by-sa/1.0/nl","CC BY-SA 1.0 NL"
"https://creativecommons.org/licenses/devnations/2.0","CC DEVNATIONS 2.0"
"https://creativecommons.org/licenses/nc/2.0","CC NC 2.0"
"https://creativecommons.org/licenses/nc-sa/2.0","CC NC-SA 2.0"
"https://creativecommons.org/licenses/nd/2.0","CC ND 2.0"
"https://creativecommons.org/licenses/nd-nc/2.0","CC ND-NC 2.0"
"https://creativecommons.org/licenses/sa/2.0","CC SA 2.0"
"https://creativecommons.org/licenses/nc/1.0","CC NC 1.0"
"https://creativecommons.org/licenses/nc-sa/1.0","CC NC-SA 1.0"
"https://creativecommons.org/licenses/nc-sampling+/1.0","CC NC-SAMPLING+ 1.0"
"https://creativecommons.org/licenses/nd/1.0","CC ND 1.0"
"https://creativecommons.org/licenses/nd-nc/1.0","CC ND-NC 1.0"
"https://creativecommons.org/licenses/sa/1.0","CC SA 1.0"
"https://creativecommons.org/licenses/sampling/1.0","CC SAMPLING 1.0"
"https://creativecommons.org/licenses/sampling+/1.0","CC SAMPLING+ 1.0"
"https://creativecommons.org/licenses/nc/2.0/jp","CC NC 2.0 JP"
"https://creativecommons.org/licenses/nc-sa/2.0/jp","CC NC-SA 2.0 JP"
"https://creativecommons.org/licenses/nd/2.0/jp","CC ND 2.0 JP"
"https://creativecommons.org/licenses/nd-nc/2.0/jp","CC ND-NC 2.0 JP"
"https://creativecommons.org/licenses/sa/2.0/jp","CC SA 2.0 JP"
"https://creativecommons.org/licenses/sampling/1.0/br","CC SAMPLING 1.0 BR"
"https://creativecommons.org/licenses/sampling+/1.0/br","CC SAMPLING+ 1.0 BR"
"https://creativecommons.org/licenses/sampling+/1.0/de","CC SAMPLING+ 1.0 DE"
"https://creativecommons.org/licenses/nc/1.0/fi","CC NC 1.0 FI"
"https://creativecommons.org/licenses/nc-sa/1.0/fi","CC NC-SA 1.0 FI"
"https://creativecommons.org/licenses/nd/1.0/fi","CC ND 1.0 FI"
"https://creativecommons.org/licenses/nd-nc/1.0/fi","CC ND-NC 1.0 FI"
"https://creativecommons.org/licenses/sa/1.0/fi","CC SA 1.0 FI"
"https://creativecommons.org/licenses/nc/1.0/nl","CC NC 1.0 NL"
"https://creativecommons.org/licenses/nc-sa/1.0/nl","CC NC-SA 1.0 NL"
"https://creativecommons.org/licenses/nd/1.0/nl","CC ND 1.0 NL"
"https://creativecommons.org/licenses/nd-nc/1.0/nl","CC ND-NC 1.0 NL"
"https://creativecommons.org/licenses/sa/1.0/nl","CC SA 1.0 NL"
"https://creativecommons.org/licenses/nc-sampling+/1.0/tw","CC NC-SAMPLING+ 1.0 TW"
"https://creativecommons.org/licenses/sampling/1.0/tw","CC CERTIFICATION 1.0 US
"https://creativecommons.org/licenses/sampling+/1.0/tw","CC SAMPLING+ 1.0 TW"
"https://creativecommons.org/licenses/publicdomain","CC PUBLICDOMAIN"
