"TOOL_IDENTIFIER","CATEGORY_CODE","CATEGORY_NAME","COUNT"
"CC BY 3.0","astro-ph","Astrophysics","63"
"CC BY 3.0","astro-ph.CO","Cosmology and Nongalactic Astrophysics","182"
"CC BY 3.0","astro-ph.EP","Earth and Planetary Astrophysics","48"
"CC BY 3.0","astro-ph.GA","Astrophysics of Galaxies","101"
"CC BY 3.0","astro-ph.HE","High Energy Astrophysical Phenomena","111"
"CC BY 3.0","astro-ph.IM","Instrumentation and Methods for Astrophysics","86"
"CC BY 3.0","astro-ph.SR","Solar and Stellar Astrophysics","147"
"CC BY 3.0","cond-mat.dis-nn","Disordered Systems and Neural Networks","47"
"CC BY 3.0","cond-mat.mes-hall","Mesoscale and Nanoscale Physics","309"
"CC BY 3.0","cond-mat.mtrl-sci","Materials Science","359"
"CC BY 3.0","cond-mat.other","Other Condensed Matter","66"
"CC BY 3.0","cond-mat.quant-gas","Quantum Gases","57"
"CC BY 3.0","cond-mat.soft","Soft Condensed Matter","125"
"CC BY 3.0","cond-mat.stat-mech","Statistical Mechanics","164"
"CC BY 3.0","cond-mat.str-el","Strongly Correlated Electrons","123"
"CC BY 3.0","cond-mat.supr-con","Superconductivity","122"
"CC BY 3.0","cs.AI","Artificial Intelligence","136"
"CC BY 3.0","cs.AR","Hardware Architecture","17"
"CC BY 3.0","cs.CC","Computational Complexity","50"
"CC BY 3.0","cs.CE","Computational Engineering, Finance, and Science","68"
"CC BY 3.0","cs.CG","Computational Geometry","23"
"CC BY 3.0","cs.CL","Computation and Language","94"
"CC BY 3.0","cs.CR","Cryptography and Security","131"
"CC BY 3.0","cs.CV","Computer Vision and Pattern Recognition","131"
"CC BY 3.0","cs.CY","Computers and Society","105"
"CC BY 3.0","cs.DB","Databases","98"
"CC BY 3.0","cs.DC","Distributed, Parallel, and Cluster Computing","87"
"CC BY 3.0","cs.DL","Digital Libraries","90"
"CC BY 3.0","cs.DM","Discrete Mathematics","57"
"CC BY 3.0","cs.DS","Data Structures and Algorithms","76"
"CC BY 3.0","cs.ET","Emerging Technologies","21"
"CC BY 3.0","cs.FL","Formal Languages and Automata Theory","25"
"CC BY 3.0","cs.GL","General Literature","2"
"CC BY 3.0","cs.GR","Graphics","9"
"CC BY 3.0","cs.GT","Computer Science and Game Theory","37"
"CC BY 3.0","cs.HC","Human-Computer Interaction","43"
"CC BY 3.0","cs.IR","Information Retrieval","90"
"CC BY 3.0","cs.IT","Information Theory","198"
"CC BY 3.0","cs.LG","Machine Learning","102"
"CC BY 3.0","cs.LO","Logic in Computer Science","72"
"CC BY 3.0","cs.MA","Multiagent Systems","21"
"CC BY 3.0","cs.MM","Multimedia","39"
"CC BY 3.0","cs.MS","Mathematical Software","25"
"CC BY 3.0","cs.NA","Numerical Analysis","16"
"CC BY 3.0","cs.NE","Neural and Evolutionary Computing","65"
"CC BY 3.0","cs.NI","Networking and Internet Architecture","189"
"CC BY 3.0","cs.OH","Other Computer Science","44"
"CC BY 3.0","cs.OS","Operating Systems","9"
"CC BY 3.0","cs.PF","Performance","23"
"CC BY 3.0","cs.PL","Programming Languages","44"
"CC BY 3.0","cs.RO","Robotics","29"
"CC BY 3.0","cs.SC","Symbolic Computation","17"
"CC BY 3.0","cs.SD","Sound","21"
"CC BY 3.0","cs.SE","Software Engineering","110"
"CC BY 3.0","cs.SI","Social and Information Networks","127"
"CC BY 3.0","cs.SY","Systems and Control","54"
"CC BY 3.0","econ.GN","General Economics","1"
"CC BY 3.0","gr-qc","General Relativity and Quantum Cosmology","250"
"CC BY 3.0","hep-ex","High Energy Physics - Experiment","500"
"CC BY 3.0","hep-lat","High Energy Physics - Lattice","30"
"CC BY 3.0","hep-ph","High Energy Physics - Phenomenology","424"
"CC BY 3.0","hep-th","High Energy Physics - Theory","245"
"CC BY 3.0","math-ph","Mathematical Physics","237"
"CC BY 3.0","math.AC","Commutative Algebra","52"
"CC BY 3.0","math.AG","Algebraic Geometry","88"
"CC BY 3.0","math.AP","Analysis of PDEs","179"
"CC BY 3.0","math.AT","Algebraic Topology","33"
"CC BY 3.0","math.CA","Classical Analysis and ODEs","102"
"CC BY 3.0","math.CO","Combinatorics","182"
"CC BY 3.0","math.CT","Category Theory","32"
"CC BY 3.0","math.CV","Complex Variables","69"
"CC BY 3.0","math.DG","Differential Geometry","172"
"CC BY 3.0","math.DS","Dynamical Systems","89"
"CC BY 3.0","math.FA","Functional Analysis","126"
"CC BY 3.0","math.GM","General Mathematics","61"
"CC BY 3.0","math.GN","General Topology","8"
"CC BY 3.0","math.GR","Group Theory","48"
"CC BY 3.0","math.GT","Geometric Topology","23"
"CC BY 3.0","math.HO","History and Overview","15"
"CC BY 3.0","math.IT","Information Theory","198"
"CC BY 3.0","math.KT","K-Theory and Homology","16"
"CC BY 3.0","math.LO","Logic","30"
"CC BY 3.0","math.MG","Metric Geometry","19"
"CC BY 3.0","math.MP","Mathematical Physics","237"
"CC BY 3.0","math.NA","Numerical Analysis","78"
"CC BY 3.0","math.NT","Number Theory","125"
"CC BY 3.0","math.OA","Operator Algebras","40"
"CC BY 3.0","math.OC","Optimization and Control","96"
"CC BY 3.0","math.PR","Probability","91"
"CC BY 3.0","math.QA","Quantum Algebra","46"
"CC BY 3.0","math.RA","Rings and Algebras","64"
"CC BY 3.0","math.RT","Representation Theory","55"
"CC BY 3.0","math.SG","Symplectic Geometry","16"
"CC BY 3.0","math.SP","Spectral Theory","18"
"CC BY 3.0","math.ST","Statistics Theory","29"
"CC BY 3.0","nlin.AO","Adaptation and Self-Organizing Systems","50"
"CC BY 3.0","nlin.CD","Chaotic Dynamics","64"
"CC BY 3.0","nlin.CG","Cellular Automata and Lattice Gases","10"
"CC BY 3.0","nlin.PS","Pattern Formation and Solitons","38"
"CC BY 3.0","nlin.SI","Exactly Solvable and Integrable Systems","42"
"CC BY 3.0","nucl-ex","Nuclear Experiment","107"
"CC BY 3.0","nucl-th","Nuclear Theory","203"
"CC BY 3.0","physics.acc-ph","Accelerator Physics","327"
"CC BY 3.0","physics.ao-ph","Atmospheric and Oceanic Physics","53"
"CC BY 3.0","physics.atm-clus","Atomic and Molecular Clusters","12"
"CC BY 3.0","physics.atom-ph","Atomic Physics","69"
"CC BY 3.0","physics.bio-ph","Biological Physics","86"
"CC BY 3.0","physics.chem-ph","Chemical Physics","71"
"CC BY 3.0","physics.class-ph","Classical Physics","40"
"CC BY 3.0","physics.comp-ph","Computational Physics","88"
"CC BY 3.0","physics.data-an","Data Analysis, Statistics and Probability","66"
"CC BY 3.0","physics.ed-ph","Physics Education","45"
"CC BY 3.0","physics.flu-dyn","Fluid Dynamics","85"
"CC BY 3.0","physics.gen-ph","General Physics","90"
"CC BY 3.0","physics.geo-ph","Geophysics","23"
"CC BY 3.0","physics.hist-ph","History and Philosophy of Physics","25"
"CC BY 3.0","physics.ins-det","Instrumentation and Detectors","104"
"CC BY 3.0","physics.med-ph","Medical Physics","37"
"CC BY 3.0","physics.optics","Optics","157"
"CC BY 3.0","physics.plasm-ph","Plasma Physics","52"
"CC BY 3.0","physics.pop-ph","Popular Physics","17"
"CC BY 3.0","physics.soc-ph","Physics and Society","176"
"CC BY 3.0","physics.space-ph","Space Physics","8"
"CC BY 3.0","q-bio.BM","Biomolecules","37"
"CC BY 3.0","q-bio.CB","Cell Behavior","18"
"CC BY 3.0","q-bio.GN","Genomics","65"
"CC BY 3.0","q-bio.MN","Molecular Networks","42"
"CC BY 3.0","q-bio.NC","Neurons and Cognition","42"
"CC BY 3.0","q-bio.OT","Other Quantitative Biology","13"
"CC BY 3.0","q-bio.PE","Populations and Evolution","107"
"CC BY 3.0","q-bio.QM","Quantitative Methods","75"
"CC BY 3.0","q-bio.SC","Subcellular Processes","9"
"CC BY 3.0","q-bio.TO","Tissues and Organs","13"
"CC BY 3.0","q-fin.CP","Computational Finance","4"
"CC BY 3.0","q-fin.EC","Economics","5"
"CC BY 3.0","q-fin.GN","General Finance","21"
"CC BY 3.0","q-fin.MF","Mathematical Finance","3"
"CC BY 3.0","q-fin.PM","Portfolio Management","3"
"CC BY 3.0","q-fin.PR","Pricing of Securities","6"
"CC BY 3.0","q-fin.RM","Risk Management","10"
"CC BY 3.0","q-fin.ST","Statistical Finance","15"
"CC BY 3.0","quant-ph","Quantum Physics","501"
"CC BY 3.0","stat.AP","Applications","56"
"CC BY 3.0","stat.CO","Computation","33"
"CC BY 3.0","stat.ME","Methodology","55"
"CC BY 3.0","stat.ML","Machine Learning","55"
"CC BY 3.0","stat.OT","Other Statistics","3"
"CC BY 3.0","stat.TH","Statistics Theory","29"
"CC BY 4.0","astro-ph","Astrophysics","9"
"CC BY 4.0","astro-ph.CO","Cosmology and Nongalactic Astrophysics","10273"
"CC BY 4.0","astro-ph.EP","Earth and Planetary Astrophysics","7095"
"CC BY 4.0","astro-ph.GA","Astrophysics of Galaxies","14482"
"CC BY 4.0","astro-ph.HE","High Energy Astrophysical Phenomena","11711"
"CC BY 4.0","astro-ph.IM","Instrumentation and Methods for Astrophysics","7415"
"CC BY 4.0","astro-ph.SR","Solar and Stellar Astrophysics","10793"
"CC BY 4.0","cond-mat","Condensed Matter","5"
"CC BY 4.0","cond-mat.dis-nn","Disordered Systems and Neural Networks","2942"
"CC BY 4.0","cond-mat.mes-hall","Mesoscale and Nanoscale Physics","12676"
"CC BY 4.0","cond-mat.mtrl-sci","Materials Science","17497"
"CC BY 4.0","cond-mat.other","Other Condensed Matter","1545"
"CC BY 4.0","cond-mat.quant-gas","Quantum Gases","3236"
"CC BY 4.0","cond-mat.soft","Soft Condensed Matter","6111"
"CC BY 4.0","cond-mat.stat-mech","Statistical Mechanics","8296"
"CC BY 4.0","cond-mat.str-el","Strongly Correlated Electrons","9877"
"CC BY 4.0","cond-mat.supr-con","Superconductivity","4608"
"CC BY 4.0","cs.AI","Artificial Intelligence","56810"
"CC BY 4.0","cs.AR","Hardware Architecture","2161"
"CC BY 4.0","cs.CC","Computational Complexity","2227"
"CC BY 4.0","cs.CE","Computational Engineering, Finance, and Science","2456"
"CC BY 4.0","cs.CG","Computational Geometry","1400"
"CC BY 4.0","cs.CL","Computation and Language","36225"
"CC BY 4.0","cs.CR","Cryptography and Security","12233"
"CC BY 4.0","cs.CV","Computer Vision and Pattern Recognition","46404"
"CC BY 4.0","cs.CY","Computers and Society","8688"
"CC BY 4.0","cs.DB","Databases","2539"
"CC BY 4.0","cs.DC","Distributed, Parallel, and Cluster Computing","5927"
"CC BY 4.0","cs.DL","Digital Libraries","1506"
"CC BY 4.0","cs.DM","Discrete Mathematics","2476"
"CC BY 4.0","cs.DS","Data Structures and Algorithms","5176"
"CC BY 4.0","cs.ET","Emerging Technologies","1887"
"CC BY 4.0","cs.FL","Formal Languages and Automata Theory","1475"
"CC BY 4.0","cs.GL","General Literature","37"
"CC BY 4.0","cs.GR","Graphics","2181"
"CC BY 4.0","cs.GT","Computer Science and Game Theory","2827"
"CC BY 4.0","cs.HC","Human-Computer Interaction","9660"
"CC BY 4.0","cs.IR","Information Retrieval","6732"
"CC BY 4.0","cs.IT","Information Theory","6298"
"CC BY 4.0","cs.LG","Machine Learning","76604"
"CC BY 4.0","cs.LO","Logic in Computer Science","4686"
"CC BY 4.0","cs.MA","Multiagent Systems","3018"
"CC BY 4.0","cs.MM","Multimedia","2023"
"CC BY 4.0","cs.MS","Mathematical Software","445"
"CC BY 4.0","cs.NA","Numerical Analysis","7770"
"CC BY 4.0","cs.NE","Neural and Evolutionary Computing","3450"
"CC BY 4.0","cs.NI","Networking and Internet Architecture","4178"
"CC BY 4.0","cs.OH","Other Computer Science","173"
"CC BY 4.0","cs.OS","Operating Systems","273"
"CC BY 4.0","cs.PF","Performance","1120"
"CC BY 4.0","cs.PL","Programming Languages","2496"
"CC BY 4.0","cs.RO","Robotics","12885"
"CC BY 4.0","cs.SC","Symbolic Computation","555"
"CC BY 4.0","cs.SD","Sound","5840"
"CC BY 4.0","cs.SE","Software Engineering","7290"
"CC BY 4.0","cs.SI","Social and Information Networks","4536"
"CC BY 4.0","cs.SY","Systems and Control","10194"
"CC BY 4.0","econ.EM","Econometrics","1456"
"CC BY 4.0","econ.GN","General Economics","2332"
"CC BY 4.0","econ.TH","Theoretical Economics","1168"
"CC BY 4.0","eess.AS","Audio and Speech Processing","6274"
"CC BY 4.0","eess.IV","Image and Video Processing","8271"
"CC BY 4.0","eess.SP","Signal Processing","8963"
"CC BY 4.0","eess.SY","Systems and Control","10104"
"CC BY 4.0","gr-qc","General Relativity and Quantum Cosmology","14493"
"CC BY 4.0","hep-ex","High Energy Physics - Experiment","10846"
"CC BY 4.0","hep-lat","High Energy Physics - Lattice","2664"
"CC BY 4.0","hep-ph","High Energy Physics - Phenomenology","20108"
"CC BY 4.0","hep-th","High Energy Physics - Theory","17057"
"CC BY 4.0","math-ph","Mathematical Physics","9550"
"CC BY 4.0","math.AC","Commutative Algebra","1582"
"CC BY 4.0","math.AG","Algebraic Geometry","5946"
"CC BY 4.0","math.AP","Analysis of PDEs","9177"
"CC BY 4.0","math.AT","Algebraic Topology","2077"
"CC BY 4.0","math.CA","Classical Analysis and ODEs","2659"
"CC BY 4.0","math.CO","Combinatorics","11687"
"CC BY 4.0","math.CT","Category Theory","1539"
"CC BY 4.0","math.CV","Complex Variables","2185"
"CC BY 4.0","math.DG","Differential Geometry","4808"
"CC BY 4.0","math.DS","Dynamical Systems","5886"
"CC BY 4.0","math.FA","Functional Analysis","4379"
"CC BY 4.0","math.GM","General Mathematics","883"
"CC BY 4.0","math.GN","General Topology","768"
"CC BY 4.0","math.GR","Group Theory","3017"
"CC BY 4.0","math.GT","Geometric Topology","2379"
"CC BY 4.0","math.HO","History and Overview","657"
"CC BY 4.0","math.IT","Information Theory","6298"
"CC BY 4.0","math.KT","K-Theory and Homology","539"
"CC BY 4.0","math.LO","Logic","2310"
"CC BY 4.0","math.MG","Metric Geometry","1575"
"CC BY 4.0","math.MP","Mathematical Physics","9550"
"CC BY 4.0","math.NA","Numerical Analysis","7830"
"CC BY 4.0","math.NT","Number Theory","6632"
"CC BY 4.0","math.OA","Operator Algebras","1311"
"CC BY 4.0","math.OC","Optimization and Control","10419"
"CC BY 4.0","math.PR","Probability","7898"
"CC BY 4.0","math.QA","Quantum Algebra","1354"
"CC BY 4.0","math.RA","Rings and Algebras","2406"
"CC BY 4.0","math.RT","Representation Theory","3147"
"CC BY 4.0","math.SG","Symplectic Geometry","860"
"CC BY 4.0","math.SP","Spectral Theory","1067"
"CC BY 4.0","math.ST","Statistics Theory","4095"
"CC BY 4.0","nlin.AO","Adaptation and Self-Organizing Systems","1083"
"CC BY 4.0","nlin.CD","Chaotic Dynamics","1543"
"CC BY 4.0","nlin.CG","Cellular Automata and Lattice Gases","126"
"CC BY 4.0","nlin.PS","Pattern Formation and Solitons","1300"
"CC BY 4.0","nlin.SI","Exactly Solvable and Integrable Systems","1017"
"CC BY 4.0","nucl-ex","Nuclear Experiment","3822"
"CC BY 4.0","nucl-th","Nuclear Theory","5875"
"CC BY 4.0","physics.acc-ph","Accelerator Physics","1746"
"CC BY 4.0","physics.ao-ph","Atmospheric and Oceanic Physics","2015"
"CC BY 4.0","physics.app-ph","Applied Physics","6130"
"CC BY 4.0","physics.atm-clus","Atomic and Molecular Clusters","319"
"CC BY 4.0","physics.atom-ph","Atomic Physics","3070"
"CC BY 4.0","physics.bio-ph","Biological Physics","2800"
"CC BY 4.0","physics.chem-ph","Chemical Physics","4893"
"CC BY 4.0","physics.class-ph","Classical Physics","1048"
"CC BY 4.0","physics.comp-ph","Computational Physics","5094"
"CC BY 4.0","physics.data-an","Data Analysis, Statistics and Probability","1887"
"CC BY 4.0","physics.ed-ph","Physics Education","772"
"CC BY 4.0","physics.flu-dyn","Fluid Dynamics","6704"
"CC BY 4.0","physics.gen-ph","General Physics","772"
"CC BY 4.0","physics.geo-ph","Geophysics","1852"
"CC BY 4.0","physics.hist-ph","History and Philosophy of Physics","871"
"CC BY 4.0","physics.ins-det","Instrumentation and Detectors","4086"
"CC BY 4.0","physics.med-ph","Medical Physics","1904"
"CC BY 4.0","physics.optics","Optics","10354"
"CC BY 4.0","physics.plasm-ph","Plasma Physics","3341"
"CC BY 4.0","physics.pop-ph","Popular Physics","346"
"CC BY 4.0","physics.soc-ph","Physics and Society","3560"
"CC BY 4.0","physics.space-ph","Space Physics","1597"
"CC BY 4.0","q-bio.BM","Biomolecules","1118"
"CC BY 4.0","q-bio.CB","Cell Behavior","344"
"CC BY 4.0","q-bio.GN","Genomics","710"
"CC BY 4.0","q-bio.MN","Molecular Networks","518"
"CC BY 4.0","q-bio.NC","Neurons and Cognition","2530"
"CC BY 4.0","q-bio.OT","Other Quantitative Biology","320"
"CC BY 4.0","q-bio.PE","Populations and Evolution","1925"
"CC BY 4.0","q-bio.QM","Quantitative Methods","2766"
"CC BY 4.0","q-bio.SC","Subcellular Processes","168"
"CC BY 4.0","q-bio.TO","Tissues and Organs","485"
"CC BY 4.0","q-fin.CP","Computational Finance","630"
"CC BY 4.0","q-fin.EC","Economics","2337"
"CC BY 4.0","q-fin.GN","General Finance","363"
"CC BY 4.0","q-fin.MF","Mathematical Finance","507"
"CC BY 4.0","q-fin.PM","Portfolio Management","368"
"CC BY 4.0","q-fin.PR","Pricing of Securities","222"
"CC BY 4.0","q-fin.RM","Risk Management","411"
"CC BY 4.0","q-fin.ST","Statistical Finance","651"
"CC BY 4.0","q-fin.TR","Trading and Market Microstructure","392"
"CC BY 4.0","quant-ph","Quantum Physics","29289"
"CC BY 4.0","stat.AP","Applications","5459"
"CC BY 4.0","stat.CO","Computation","2086"
"CC BY 4.0","stat.ME","Methodology","8046"
"CC BY 4.0","stat.ML","Machine Learning","13008"
"CC BY 4.0","stat.OT","Other Statistics","379"
"CC BY 4.0","stat.TH","Statistics Theory","4096"
"CC BY-NC-ND 4.0","astro-ph.CO","Cosmology and Nongalactic Astrophysics","557"
"CC BY-NC-ND 4.0","astro-ph.EP","Earth and Planetary Astrophysics","1057"
"CC BY-NC-ND 4.0","astro-ph.GA","Astrophysics of Galaxies","1163"
"CC BY-NC-ND 4.0","astro-ph.HE","High Energy Astrophysical Phenomena","1075"
"CC BY-NC-ND 4.0","astro-ph.IM","Instrumentation and Methods for Astrophysics","1121"
"CC BY-NC-ND 4.0","astro-ph.SR","Solar and Stellar Astrophysics","1237"
"CC BY-NC-ND 4.0","cond-mat.dis-nn","Disordered Systems and Neural Networks","326"
"CC BY-NC-ND 4.0","cond-mat.mes-hall","Mesoscale and Nanoscale Physics","1583"
"CC BY-NC-ND 4.0","cond-mat.mtrl-sci","Materials Science","3887"
"CC BY-NC-ND 4.0","cond-mat.other","Other Condensed Matter","241"
"CC BY-NC-ND 4.0","cond-mat.quant-gas","Quantum Gases","200"
"CC BY-NC-ND 4.0","cond-mat.soft","Soft Condensed Matter","1364"
"CC BY-NC-ND 4.0","cond-mat.stat-mech","Statistical Mechanics","872"
"CC BY-NC-ND 4.0","cond-mat.str-el","Strongly Correlated Electrons","812"
"CC BY-NC-ND 4.0","cond-mat.supr-con","Superconductivity","540"
"CC BY-NC-ND 4.0","cs.AI","Artificial Intelligence","9605"
"CC BY-NC-ND 4.0","cs.AR","Hardware Architecture","508"
"CC BY-NC-ND 4.0","cs.CC","Computational Complexity","201"
"CC BY-NC-ND 4.0","cs.CE","Computational Engineering, Finance, and Science","695"
"CC BY-NC-ND 4.0","cs.CG","Computational Geometry","164"
"CC BY-NC-ND 4.0","cs.CL","Computation and Language","4292"
"CC BY-NC-ND 4.0","cs.CR","Cryptography and Security","2542"
"CC BY-NC-ND 4.0","cs.CV","Computer Vision and Pattern Recognition","8554"
"CC BY-NC-ND 4.0","cs.CY","Computers and Society","1857"
"CC BY-NC-ND 4.0","cs.DB","Databases","515"
"CC BY-NC-ND 4.0","cs.DC","Distributed, Parallel, and Cluster Computing","1103"
"CC BY-NC-ND 4.0","cs.DL","Digital Libraries","222"
"CC BY-NC-ND 4.0","cs.DM","Discrete Mathematics","319"
"CC BY-NC-ND 4.0","cs.DS","Data Structures and Algorithms","456"
"CC BY-NC-ND 4.0","cs.ET","Emerging Technologies","501"
"CC BY-NC-ND 4.0","cs.FL","Formal Languages and Automata Theory","168"
"CC BY-NC-ND 4.0","cs.GL","General Literature","15"
"CC BY-NC-ND 4.0","cs.GR","Graphics","415"
"CC BY-NC-ND 4.0","cs.GT","Computer Science and Game Theory","355"
"CC BY-NC-ND 4.0","cs.HC","Human-Computer Interaction","2365"
"CC BY-NC-ND 4.0","cs.IR","Information Retrieval","945"
"CC BY-NC-ND 4.0","cs.IT","Information Theory","1079"
"CC BY-NC-ND 4.0","cs.LG","Machine Learning","12031"
"CC BY-NC-ND 4.0","cs.LO","Logic in Computer Science","387"
"CC BY-NC-ND 4.0","cs.MA","Multiagent Systems","577"
"CC BY-NC-ND 4.0","cs.MM","Multimedia","409"
"CC BY-NC-ND 4.0","cs.MS","Mathematical Software","73"
"CC BY-NC-ND 4.0","cs.NA","Numerical Analysis","1928"
"CC BY-NC-ND 4.0","cs.NE","Neural and Evolutionary Computing","769"
"CC BY-NC-ND 4.0","cs.NI","Networking and Internet Architecture","1038"
"CC BY-NC-ND 4.0","cs.OH","Other Computer Science","47"
"CC BY-NC-ND 4.0","cs.OS","Operating Systems","58"
"CC BY-NC-ND 4.0","cs.PF","Performance","213"
"CC BY-NC-ND 4.0","cs.PL","Programming Languages","261"
"CC BY-NC-ND 4.0","cs.RO","Robotics","2930"
"CC BY-NC-ND 4.0","cs.SC","Symbolic Computation","70"
"CC BY-NC-ND 4.0","cs.SD","Sound","1006"
"CC BY-NC-ND 4.0","cs.SE","Software Engineering","1346"
"CC BY-NC-ND 4.0","cs.SI","Social and Information Networks","842"
"CC BY-NC-ND 4.0","cs.SY","Systems and Control","3629"
"CC BY-NC-ND 4.0","econ.EM","Econometrics","352"
"CC BY-NC-ND 4.0","econ.GN","General Economics","710"
"CC BY-NC-ND 4.0","econ.TH","Theoretical Economics","335"
"CC BY-NC-ND 4.0","eess.AS","Audio and Speech Processing","1096"
"CC BY-NC-ND 4.0","eess.IV","Image and Video Processing","2254"
"CC BY-NC-ND 4.0","eess.SP","Signal Processing","2314"
"CC BY-NC-ND 4.0","eess.SY","Systems and Control","3627"
"CC BY-NC-ND 4.0","gr-qc","General Relativity and Quantum Cosmology","800"
"CC BY-NC-ND 4.0","hep-ex","High Energy Physics - Experiment","631"
"CC BY-NC-ND 4.0","hep-lat","High Energy Physics - Lattice","341"
"CC BY-NC-ND 4.0","hep-ph","High Energy Physics - Phenomenology","1011"
"CC BY-NC-ND 4.0","hep-th","High Energy Physics - Theory","683"
"CC BY-NC-ND 4.0","math-ph","Mathematical Physics","951"
"CC BY-NC-ND 4.0","math.AC","Commutative Algebra","197"
"CC BY-NC-ND 4.0","math.AG","Algebraic Geometry","680"
"CC BY-NC-ND 4.0","math.AP","Analysis of PDEs","1275"
"CC BY-NC-ND 4.0","math.AT","Algebraic Topology","197"
"CC BY-NC-ND 4.0","math.CA","Classical Analysis and ODEs","352"
"CC BY-NC-ND 4.0","math.CO","Combinatorics","1436"
"CC BY-NC-ND 4.0","math.CT","Category Theory","147"
"CC BY-NC-ND 4.0","math.CV","Complex Variables","269"
"CC BY-NC-ND 4.0","math.DG","Differential Geometry","527"
"CC BY-NC-ND 4.0","math.DS","Dynamical Systems","882"
"CC BY-NC-ND 4.0","math.FA","Functional Analysis","744"
"CC BY-NC-ND 4.0","math.GM","General Mathematics","145"
"CC BY-NC-ND 4.0","math.GN","General Topology","129"
"CC BY-NC-ND 4.0","math.GR","Group Theory","309"
"CC BY-NC-ND 4.0","math.GT","Geometric Topology","216"
"CC BY-NC-ND 4.0","math.HO","History and Overview","119"
"CC BY-NC-ND 4.0","math.IT","Information Theory","1079"
"CC BY-NC-ND 4.0","math.KT","K-Theory and Homology","66"
"CC BY-NC-ND 4.0","math.LO","Logic","366"
"CC BY-NC-ND 4.0","math.MG","Metric Geometry","171"
"CC BY-NC-ND 4.0","math.MP","Mathematical Physics","951"
"CC BY-NC-ND 4.0","math.NA","Numerical Analysis","1928"
"CC BY-NC-ND 4.0","math.NT","Number Theory","670"
"CC BY-NC-ND 4.0","math.OA","Operator Algebras","129"
"CC BY-NC-ND 4.0","math.OC","Optimization and Control","2251"
"CC BY-NC-ND 4.0","math.PR","Probability","870"
"CC BY-NC-ND 4.0","math.QA","Quantum Algebra","133"
"CC BY-NC-ND 4.0","math.RA","Rings and Algebras","249"
"CC BY-NC-ND 4.0","math.RT","Representation Theory","329"
"CC BY-NC-ND 4.0","math.SG","Symplectic Geometry","74"
"CC BY-NC-ND 4.0","math.SP","Spectral Theory","140"
"CC BY-NC-ND 4.0","math.ST","Statistics Theory","577"
"CC BY-NC-ND 4.0","nlin.AO","Adaptation and Self-Organizing Systems","211"
"CC BY-NC-ND 4.0","nlin.CD","Chaotic Dynamics","218"
"CC BY-NC-ND 4.0","nlin.CG","Cellular Automata and Lattice Gases","24"
"CC BY-NC-ND 4.0","nlin.PS","Pattern Formation and Solitons","136"
"CC BY-NC-ND 4.0","nlin.SI","Exactly Solvable and Integrable Systems","83"
"CC BY-NC-ND 4.0","nucl-ex","Nuclear Experiment","456"
"CC BY-NC-ND 4.0","nucl-th","Nuclear Theory","567"
"CC BY-NC-ND 4.0","physics.acc-ph","Accelerator Physics","199"
"CC BY-NC-ND 4.0","physics.ao-ph","Atmospheric and Oceanic Physics","429"
"CC BY-NC-ND 4.0","physics.app-ph","Applied Physics","1650"
"CC BY-NC-ND 4.0","physics.atm-clus","Atomic and Molecular Clusters","100"
"CC BY-NC-ND 4.0","physics.atom-ph","Atomic Physics","433"
"CC BY-NC-ND 4.0","physics.bio-ph","Biological Physics","776"
"CC BY-NC-ND 4.0","physics.chem-ph","Chemical Physics","1276"
"CC BY-NC-ND 4.0","physics.class-ph","Classical Physics","215"
"CC BY-NC-ND 4.0","physics.comp-ph","Computational Physics","1178"
"CC BY-NC-ND 4.0","physics.data-an","Data Analysis, Statistics and Probability","320"
"CC BY-NC-ND 4.0","physics.ed-ph","Physics Education","174"
"CC BY-NC-ND 4.0","physics.flu-dyn","Fluid Dynamics","1700"
"CC BY-NC-ND 4.0","physics.gen-ph","General Physics","100"
"CC BY-NC-ND 4.0","physics.geo-ph","Geophysics","456"
"CC BY-NC-ND 4.0","physics.hist-ph","History and Philosophy of Physics","166"
"CC BY-NC-ND 4.0","physics.ins-det","Instrumentation and Detectors","876"
"CC BY-NC-ND 4.0","physics.med-ph","Medical Physics","687"
"CC BY-NC-ND 4.0","physics.optics","Optics","1817"
"CC BY-NC-ND 4.0","physics.plasm-ph","Plasma Physics","614"
"CC BY-NC-ND 4.0","physics.pop-ph","Popular Physics","72"
"CC BY-NC-ND 4.0","physics.soc-ph","Physics and Society","806"
"CC BY-NC-ND 4.0","physics.space-ph","Space Physics","322"
"CC BY-NC-ND 4.0","q-bio.BM","Biomolecules","347"
"CC BY-NC-ND 4.0","q-bio.CB","Cell Behavior","93"
"CC BY-NC-ND 4.0","q-bio.GN","Genomics","189"
"CC BY-NC-ND 4.0","q-bio.MN","Molecular Networks","129"
"CC BY-NC-ND 4.0","q-bio.NC","Neurons and Cognition","675"
"CC BY-NC-ND 4.0","q-bio.OT","Other Quantitative Biology","78"
"CC BY-NC-ND 4.0","q-bio.PE","Populations and Evolution","460"
"CC BY-NC-ND 4.0","q-bio.QM","Quantitative Methods","821"
"CC BY-NC-ND 4.0","q-bio.SC","Subcellular Processes","46"
"CC BY-NC-ND 4.0","q-bio.TO","Tissues and Organs","185"
"CC BY-NC-ND 4.0","q-fin.CP","Computational Finance","140"
"CC BY-NC-ND 4.0","q-fin.EC","Economics","711"
"CC BY-NC-ND 4.0","q-fin.GN","General Finance","129"
"CC BY-NC-ND 4.0","q-fin.MF","Mathematical Finance","108"
"CC BY-NC-ND 4.0","q-fin.PM","Portfolio Management","114"
"CC BY-NC-ND 4.0","q-fin.PR","Pricing of Securities","61"
"CC BY-NC-ND 4.0","q-fin.RM","Risk Management","127"
"CC BY-NC-ND 4.0","q-fin.ST","Statistical Finance","163"
"CC BY-NC-ND 4.0","q-fin.TR","Trading and Market Microstructure","103"
"CC BY-NC-ND 4.0","quant-ph","Quantum Physics","2776"
"CC BY-NC-ND 4.0","stat.AP","Applications","1108"
"CC BY-NC-ND 4.0","stat.CO","Computation","292"
"CC BY-NC-ND 4.0","stat.ME","Methodology","1569"
"CC BY-NC-ND 4.0","stat.ML","Machine Learning","1402"
"CC BY-NC-ND 4.0","stat.OT","Other Statistics","82"
"CC BY-NC-ND 4.0","stat.TH","Statistics Theory","577"
"CC BY-NC-SA 3.0","astro-ph","Astrophysics","75"
"CC BY-NC-SA 3.0","astro-ph.CO","Cosmology and Nongalactic Astrophysics","129"
"CC BY-NC-SA 3.0","astro-ph.EP","Earth and Planetary Astrophysics","30"
"CC BY-NC-SA 3.0","astro-ph.GA","Astrophysics of Galaxies","103"
"CC BY-NC-SA 3.0","astro-ph.HE","High Energy Astrophysical Phenomena","70"
"CC BY-NC-SA 3.0","astro-ph.IM","Instrumentation and Methods for Astrophysics","71"
"CC BY-NC-SA 3.0","astro-ph.SR","Solar and Stellar Astrophysics","109"
"CC BY-NC-SA 3.0","cond-mat.dis-nn","Disordered Systems and Neural Networks","29"
"CC BY-NC-SA 3.0","cond-mat.mes-hall","Mesoscale and Nanoscale Physics","159"
"CC BY-NC-SA 3.0","cond-mat.mtrl-sci","Materials Science","257"
"CC BY-NC-SA 3.0","cond-mat.other","Other Condensed Matter","34"
"CC BY-NC-SA 3.0","cond-mat.quant-gas","Quantum Gases","25"
"CC BY-NC-SA 3.0","cond-mat.soft","Soft Condensed Matter","69"
"CC BY-NC-SA 3.0","cond-mat.stat-mech","Statistical Mechanics","113"
"CC BY-NC-SA 3.0","cond-mat.str-el","Strongly Correlated Electrons","76"
"CC BY-NC-SA 3.0","cond-mat.supr-con","Superconductivity","71"
"CC BY-NC-SA 3.0","cs.AI","Artificial Intelligence","138"
"CC BY-NC-SA 3.0","cs.AR","Hardware Architecture","13"
"CC BY-NC-SA 3.0","cs.CC","Computational Complexity","34"
"CC BY-NC-SA 3.0","cs.CE","Computational Engineering, Finance, and Science","45"
"CC BY-NC-SA 3.0","cs.CG","Computational Geometry","28"
"CC BY-NC-SA 3.0","cs.CL","Computation and Language","61"
"CC BY-NC-SA 3.0","cs.CR","Cryptography and Security","158"
"CC BY-NC-SA 3.0","cs.CV","Computer Vision and Pattern Recognition","189"
"CC BY-NC-SA 3.0","cs.CY","Computers and Society","99"
"CC BY-NC-SA 3.0","cs.DB","Databases","65"
"CC BY-NC-SA 3.0","cs.DC","Distributed, Parallel, and Cluster Computing","106"
"CC BY-NC-SA 3.0","cs.DL","Digital Libraries","67"
"CC BY-NC-SA 3.0","cs.DM","Discrete Mathematics","44"
"CC BY-NC-SA 3.0","cs.DS","Data Structures and Algorithms","61"
"CC BY-NC-SA 3.0","cs.ET","Emerging Technologies","10"
"CC BY-NC-SA 3.0","cs.FL","Formal Languages and Automata Theory","19"
"CC BY-NC-SA 3.0","cs.GL","General Literature","3"
"CC BY-NC-SA 3.0","cs.GR","Graphics","20"
"CC BY-NC-SA 3.0","cs.GT","Computer Science and Game Theory","25"
"CC BY-NC-SA 3.0","cs.HC","Human-Computer Interaction","50"
"CC BY-NC-SA 3.0","cs.IR","Information Retrieval","87"
"CC BY-NC-SA 3.0","cs.IT","Information Theory","183"
"CC BY-NC-SA 3.0","cs.LG","Machine Learning","135"
"CC BY-NC-SA 3.0","cs.LO","Logic in Computer Science","48"
"CC BY-NC-SA 3.0","cs.MA","Multiagent Systems","18"
"CC BY-NC-SA 3.0","cs.MM","Multimedia","32"
"CC BY-NC-SA 3.0","cs.MS","Mathematical Software","19"
"CC BY-NC-SA 3.0","cs.NA","Numerical Analysis","23"
"CC BY-NC-SA 3.0","cs.NE","Neural and Evolutionary Computing","64"
"CC BY-NC-SA 3.0","cs.NI","Networking and Internet Architecture","235"
"CC BY-NC-SA 3.0","cs.OH","Other Computer Science","50"
"CC BY-NC-SA 3.0","cs.OS","Operating Systems","4"
"CC BY-NC-SA 3.0","cs.PF","Performance","25"
"CC BY-NC-SA 3.0","cs.PL","Programming Languages","26"
"CC BY-NC-SA 3.0","cs.RO","Robotics","40"
"CC BY-NC-SA 3.0","cs.SC","Symbolic Computation","15"
"CC BY-NC-SA 3.0","cs.SD","Sound","11"
"CC BY-NC-SA 3.0","cs.SE","Software Engineering","83"
"CC BY-NC-SA 3.0","cs.SI","Social and Information Networks","89"
"CC BY-NC-SA 3.0","cs.SY","Systems and Control","35"
"CC BY-NC-SA 3.0","eess.IV","Image and Video Processing","1"
"CC BY-NC-SA 3.0","gr-qc","General Relativity and Quantum Cosmology","188"
"CC BY-NC-SA 3.0","hep-ex","High Energy Physics - Experiment","91"
"CC BY-NC-SA 3.0","hep-lat","High Energy Physics - Lattice","128"
"CC BY-NC-SA 3.0","hep-ph","High Energy Physics - Phenomenology","261"
"CC BY-NC-SA 3.0","hep-th","High Energy Physics - Theory","336"
"CC BY-NC-SA 3.0","math-ph","Mathematical Physics","526"
"CC BY-NC-SA 3.0","math.AC","Commutative Algebra","16"
"CC BY-NC-SA 3.0","math.AG","Algebraic Geometry","88"
"CC BY-NC-SA 3.0","math.AP","Analysis of PDEs","140"
"CC BY-NC-SA 3.0","math.AT","Algebraic Topology","23"
"CC BY-NC-SA 3.0","math.CA","Classical Analysis and ODEs","155"
"CC BY-NC-SA 3.0","math.CO","Combinatorics","118"
"CC BY-NC-SA 3.0","math.CT","Category Theory","11"
"CC BY-NC-SA 3.0","math.CV","Complex Variables","40"
"CC BY-NC-SA 3.0","math.DG","Differential Geometry","195"
"CC BY-NC-SA 3.0","math.DS","Dynamical Systems","72"
"CC BY-NC-SA 3.0","math.FA","Functional Analysis","76"
"CC BY-NC-SA 3.0","math.GM","General Mathematics","11"
"CC BY-NC-SA 3.0","math.GN","General Topology","8"
"CC BY-NC-SA 3.0","math.GR","Group Theory","29"
"CC BY-NC-SA 3.0","math.GT","Geometric Topology","33"
"CC BY-NC-SA 3.0","math.HO","History and Overview","12"
"CC BY-NC-SA 3.0","math.IT","Information Theory","183"
"CC BY-NC-SA 3.0","math.KT","K-Theory and Homology","16"
"CC BY-NC-SA 3.0","math.LO","Logic","25"
"CC BY-NC-SA 3.0","math.MG","Metric Geometry","14"
"CC BY-NC-SA 3.0","math.MP","Mathematical Physics","526"
"CC BY-NC-SA 3.0","math.NA","Numerical Analysis","82"
"CC BY-NC-SA 3.0","math.NT","Number Theory","68"
"CC BY-NC-SA 3.0","math.OA","Operator Algebras","44"
"CC BY-NC-SA 3.0","math.OC","Optimization and Control","77"
"CC BY-NC-SA 3.0","math.PR","Probability","82"
"CC BY-NC-SA 3.0","math.QA","Quantum Algebra","138"
"CC BY-NC-SA 3.0","math.RA","Rings and Algebras","63"
"CC BY-NC-SA 3.0","math.RT","Representation Theory","87"
"CC BY-NC-SA 3.0","math.SG","Symplectic Geometry","31"
"CC BY-NC-SA 3.0","math.SP","Spectral Theory","18"
"CC BY-NC-SA 3.0","math.ST","Statistics Theory","23"
"CC BY-NC-SA 3.0","nlin.AO","Adaptation and Self-Organizing Systems","25"
"CC BY-NC-SA 3.0","nlin.CD","Chaotic Dynamics","35"
"CC BY-NC-SA 3.0","nlin.CG","Cellular Automata and Lattice Gases","9"
"CC BY-NC-SA 3.0","nlin.PS","Pattern Formation and Solitons","24"
"CC BY-NC-SA 3.0","nlin.SI","Exactly Solvable and Integrable Systems","173"
"CC BY-NC-SA 3.0","nucl-ex","Nuclear Experiment","60"
"CC BY-NC-SA 3.0","nucl-th","Nuclear Theory","91"
"CC BY-NC-SA 3.0","physics.acc-ph","Accelerator Physics","28"
"CC BY-NC-SA 3.0","physics.ao-ph","Atmospheric and Oceanic Physics","22"
"CC BY-NC-SA 3.0","physics.atm-clus","Atomic and Molecular Clusters","9"
"CC BY-NC-SA 3.0","physics.atom-ph","Atomic Physics","34"
"CC BY-NC-SA 3.0","physics.bio-ph","Biological Physics","67"
"CC BY-NC-SA 3.0","physics.chem-ph","Chemical Physics","42"
"CC BY-NC-SA 3.0","physics.class-ph","Classical Physics","26"
"CC BY-NC-SA 3.0","physics.comp-ph","Computational Physics","71"
"CC BY-NC-SA 3.0","physics.data-an","Data Analysis, Statistics and Probability","51"
"CC BY-NC-SA 3.0","physics.ed-ph","Physics Education","14"
"CC BY-NC-SA 3.0","physics.flu-dyn","Fluid Dynamics","59"
"CC BY-NC-SA 3.0","physics.gen-ph","General Physics","34"
"CC BY-NC-SA 3.0","physics.geo-ph","Geophysics","19"
"CC BY-NC-SA 3.0","physics.hist-ph","History and Philosophy of Physics","17"
"CC BY-NC-SA 3.0","physics.ins-det","Instrumentation and Detectors","53"
"CC BY-NC-SA 3.0","physics.med-ph","Medical Physics","31"
"CC BY-NC-SA 3.0","physics.optics","Optics","91"
"CC BY-NC-SA 3.0","physics.plasm-ph","Plasma Physics","31"
"CC BY-NC-SA 3.0","physics.pop-ph","Popular Physics","22"
"CC BY-NC-SA 3.0","physics.soc-ph","Physics and Society","120"
"CC BY-NC-SA 3.0","physics.space-ph","Space Physics","15"
"CC BY-NC-SA 3.0","q-bio.BM","Biomolecules","36"
"CC BY-NC-SA 3.0","q-bio.CB","Cell Behavior","9"
"CC BY-NC-SA 3.0","q-bio.GN","Genomics","27"
"CC BY-NC-SA 3.0","q-bio.MN","Molecular Networks","31"
"CC BY-NC-SA 3.0","q-bio.NC","Neurons and Cognition","42"
"CC BY-NC-SA 3.0","q-bio.OT","Other Quantitative Biology","8"
"CC BY-NC-SA 3.0","q-bio.PE","Populations and Evolution","47"
"CC BY-NC-SA 3.0","q-bio.QM","Quantitative Methods","33"
"CC BY-NC-SA 3.0","q-bio.SC","Subcellular Processes","5"
"CC BY-NC-SA 3.0","q-bio.TO","Tissues and Organs","17"
"CC BY-NC-SA 3.0","q-fin.CP","Computational Finance","5"
"CC BY-NC-SA 3.0","q-fin.EC","Economics","1"
"CC BY-NC-SA 3.0","q-fin.GN","General Finance","11"
"CC BY-NC-SA 3.0","q-fin.MF","Mathematical Finance","1"
"CC BY-NC-SA 3.0","q-fin.PM","Portfolio Management","3"
"CC BY-NC-SA 3.0","q-fin.PR","Pricing of Securities","2"
"CC BY-NC-SA 3.0","q-fin.RM","Risk Management","4"
"CC BY-NC-SA 3.0","q-fin.ST","Statistical Finance","17"
"CC BY-NC-SA 3.0","q-fin.TR","Trading and Market Microstructure","2"
"CC BY-NC-SA 3.0","quant-ph","Quantum Physics","338"
"CC BY-NC-SA 3.0","stat.AP","Applications","28"
"CC BY-NC-SA 3.0","stat.CO","Computation","15"
"CC BY-NC-SA 3.0","stat.ME","Methodology","40"
"CC BY-NC-SA 3.0","stat.ML","Machine Learning","62"
"CC BY-NC-SA 3.0","stat.OT","Other Statistics","5"
"CC BY-NC-SA 3.0","stat.TH","Statistics Theory","23"
"CC BY-NC-SA 4.0","astro-ph","Astrophysics","1"
"CC BY-NC-SA 4.0","astro-ph.CO","Cosmology and Nongalactic Astrophysics","441"
"CC BY-NC-SA 4.0","astro-ph.EP","Earth and Planetary Astrophysics","660"
"CC BY-NC-SA 4.0","astro-ph.GA","Astrophysics of Galaxies","1115"
"CC BY-NC-SA 4.0","astro-ph.HE","High Energy Astrophysical Phenomena","771"
"CC BY-NC-SA 4.0","astro-ph.IM","Instrumentation and Methods for Astrophysics","816"
"CC BY-NC-SA 4.0","astro-ph.SR","Solar and Stellar Astrophysics","954"
"CC BY-NC-SA 4.0","cond-mat.dis-nn","Disordered Systems and Neural Networks","154"
"CC BY-NC-SA 4.0","cond-mat.mes-hall","Mesoscale and Nanoscale Physics","888"
"CC BY-NC-SA 4.0","cond-mat.mtrl-sci","Materials Science","1761"
"CC BY-NC-SA 4.0","cond-mat.other","Other Condensed Matter","118"
"CC BY-NC-SA 4.0","cond-mat.quant-gas","Quantum Gases","142"
"CC BY-NC-SA 4.0","cond-mat.soft","Soft Condensed Matter","517"
"CC BY-NC-SA 4.0","cond-mat.stat-mech","Statistical Mechanics","406"
"CC BY-NC-SA 4.0","cond-mat.str-el","Strongly Correlated Electrons","454"
"CC BY-NC-SA 4.0","cond-mat.supr-con","Superconductivity","252"
"CC BY-NC-SA 4.0","cs.AI","Artificial Intelligence","8707"
"CC BY-NC-SA 4.0","cs.AR","Hardware Architecture","366"
"CC BY-NC-SA 4.0","cs.CC","Computational Complexity","188"
"CC BY-NC-SA 4.0","cs.CE","Computational Engineering, Finance, and Science","433"
"CC BY-NC-SA 4.0","cs.CG","Computational Geometry","158"
"CC BY-NC-SA 4.0","cs.CL","Computation and Language","5621"
"CC BY-NC-SA 4.0","cs.CR","Cryptography and Security","1860"
"CC BY-NC-SA 4.0","cs.CV","Computer Vision and Pattern Recognition","10307"
"CC BY-NC-SA 4.0","cs.CY","Computers and Society","1930"
"CC BY-NC-SA 4.0","cs.DB","Databases","359"
"CC BY-NC-SA 4.0","cs.DC","Distributed, Parallel, and Cluster Computing","881"
"CC BY-NC-SA 4.0","cs.DL","Digital Libraries","283"
"CC BY-NC-SA 4.0","cs.DM","Discrete Mathematics","227"
"CC BY-NC-SA 4.0","cs.DS","Data Structures and Algorithms","411"
"CC BY-NC-SA 4.0","cs.ET","Emerging Technologies","301"
"CC BY-NC-SA 4.0","cs.FL","Formal Languages and Automata Theory","90"
"CC BY-NC-SA 4.0","cs.GL","General Literature","6"
"CC BY-NC-SA 4.0","cs.GR","Graphics","535"
"CC BY-NC-SA 4.0","cs.GT","Computer Science and Game Theory","258"
"CC BY-NC-SA 4.0","cs.HC","Human-Computer Interaction","1887"
"CC BY-NC-SA 4.0","cs.IR","Information Retrieval","1116"
"CC BY-NC-SA 4.0","cs.IT","Information Theory","693"
"CC BY-NC-SA 4.0","cs.LG","Machine Learning","10986"
"CC BY-NC-SA 4.0","cs.LO","Logic in Computer Science","299"
"CC BY-NC-SA 4.0","cs.MA","Multiagent Systems","421"
"CC BY-NC-SA 4.0","cs.MM","Multimedia","465"
"CC BY-NC-SA 4.0","cs.MS","Mathematical Software","57"
"CC BY-NC-SA 4.0","cs.NA","Numerical Analysis","895"
"CC BY-NC-SA 4.0","cs.NE","Neural and Evolutionary Computing","673"
"CC BY-NC-SA 4.0","cs.NI","Networking and Internet Architecture","689"
"CC BY-NC-SA 4.0","cs.OH","Other Computer Science","39"
"CC BY-NC-SA 4.0","cs.OS","Operating Systems","40"
"CC BY-NC-SA 4.0","cs.PF","Performance","166"
"CC BY-NC-SA 4.0","cs.PL","Programming Languages","281"
"CC BY-NC-SA 4.0","cs.RO","Robotics","2299"
"CC BY-NC-SA 4.0","cs.SC","Symbolic Computation","58"
"CC BY-NC-SA 4.0","cs.SD","Sound","1045"
"CC BY-NC-SA 4.0","cs.SE","Software Engineering","1126"
"CC BY-NC-SA 4.0","cs.SI","Social and Information Networks","932"
"CC BY-NC-SA 4.0","cs.SY","Systems and Control","1491"
"CC BY-NC-SA 4.0","econ.EM","Econometrics","185"
"CC BY-NC-SA 4.0","econ.GN","General Economics","350"
"CC BY-NC-SA 4.0","econ.TH","Theoretical Economics","136"
"CC BY-NC-SA 4.0","eess.AS","Audio and Speech Processing","1122"
"CC BY-NC-SA 4.0","eess.IV","Image and Video Processing","1799"
"CC BY-NC-SA 4.0","eess.SP","Signal Processing","1365"
"CC BY-NC-SA 4.0","eess.SY","Systems and Control","1427"
"CC BY-NC-SA 4.0","gr-qc","General Relativity and Quantum Cosmology","688"
"CC BY-NC-SA 4.0","hep-ex","High Energy Physics - Experiment","413"
"CC BY-NC-SA 4.0","hep-lat","High Energy Physics - Lattice","128"
"CC BY-NC-SA 4.0","hep-ph","High Energy Physics - Phenomenology","815"
"CC BY-NC-SA 4.0","hep-th","High Energy Physics - Theory","631"
"CC BY-NC-SA 4.0","math-ph","Mathematical Physics","646"
"CC BY-NC-SA 4.0","math.AC","Commutative Algebra","139"
"CC BY-NC-SA 4.0","math.AG","Algebraic Geometry","544"
"CC BY-NC-SA 4.0","math.AP","Analysis of PDEs","736"
"CC BY-NC-SA 4.0","math.AT","Algebraic Topology","210"
"CC BY-NC-SA 4.0","math.CA","Classical Analysis and ODEs","209"
"CC BY-NC-SA 4.0","math.CO","Combinatorics","1004"
"CC BY-NC-SA 4.0","math.CT","Category Theory","177"
"CC BY-NC-SA 4.0","math.CV","Complex Variables","142"
"CC BY-NC-SA 4.0","math.DG","Differential Geometry","423"
"CC BY-NC-SA 4.0","math.DS","Dynamical Systems","596"
"CC BY-NC-SA 4.0","math.FA","Functional Analysis","385"
"CC BY-NC-SA 4.0","math.GM","General Mathematics","94"
"CC BY-NC-SA 4.0","math.GN","General Topology","84"
"CC BY-NC-SA 4.0","math.GR","Group Theory","205"
"CC BY-NC-SA 4.0","math.GT","Geometric Topology","189"
"CC BY-NC-SA 4.0","math.HO","History and Overview","107"
"CC BY-NC-SA 4.0","math.IT","Information Theory","693"
"CC BY-NC-SA 4.0","math.KT","K-Theory and Homology","56"
"CC BY-NC-SA 4.0","math.LO","Logic","245"
"CC BY-NC-SA 4.0","math.MG","Metric Geometry","111"
"CC BY-NC-SA 4.0","math.MP","Mathematical Physics","646"
"CC BY-NC-SA 4.0","math.NA","Numerical Analysis","957"
"CC BY-NC-SA 4.0","math.NT","Number Theory","526"
"CC BY-NC-SA 4.0","math.OA","Operator Algebras","99"
"CC BY-NC-SA 4.0","math.OC","Optimization and Control","1144"
"CC BY-NC-SA 4.0","math.PR","Probability","589"
"CC BY-NC-SA 4.0","math.QA","Quantum Algebra","126"
"CC BY-NC-SA 4.0","math.RA","Rings and Algebras","187"
"CC BY-NC-SA 4.0","math.RT","Representation Theory","224"
"CC BY-NC-SA 4.0","math.SG","Symplectic Geometry","98"
"CC BY-NC-SA 4.0","math.SP","Spectral Theory","140"
"CC BY-NC-SA 4.0","math.ST","Statistics Theory","424"
"CC BY-NC-SA 4.0","nlin.AO","Adaptation and Self-Organizing Systems","168"
"CC BY-NC-SA 4.0","nlin.CD","Chaotic Dynamics","167"
"CC BY-NC-SA 4.0","nlin.CG","Cellular Automata and Lattice Gases","24"
"CC BY-NC-SA 4.0","nlin.PS","Pattern Formation and Solitons","107"
"CC BY-NC-SA 4.0","nlin.SI","Exactly Solvable and Integrable Systems","47"
"CC BY-NC-SA 4.0","nucl-ex","Nuclear Experiment","233"
"CC BY-NC-SA 4.0","nucl-th","Nuclear Theory","360"
"CC BY-NC-SA 4.0","physics.acc-ph","Accelerator Physics","99"
"CC BY-NC-SA 4.0","physics.ao-ph","Atmospheric and Oceanic Physics","304"
"CC BY-NC-SA 4.0","physics.app-ph","Applied Physics","693"
"CC BY-NC-SA 4.0","physics.atm-clus","Atomic and Molecular Clusters","41"
"CC BY-NC-SA 4.0","physics.atom-ph","Atomic Physics","223"
"CC BY-NC-SA 4.0","physics.bio-ph","Biological Physics","343"
"CC BY-NC-SA 4.0","physics.chem-ph","Chemical Physics","575"
"CC BY-NC-SA 4.0","physics.class-ph","Classical Physics","105"
"CC BY-NC-SA 4.0","physics.comp-ph","Computational Physics","580"
"CC BY-NC-SA 4.0","physics.data-an","Data Analysis, Statistics and Probability","213"
"CC BY-NC-SA 4.0","physics.ed-ph","Physics Education","171"
"CC BY-NC-SA 4.0","physics.flu-dyn","Fluid Dynamics","609"
"CC BY-NC-SA 4.0","physics.gen-ph","General Physics","74"
"CC BY-NC-SA 4.0","physics.geo-ph","Geophysics","268"
"CC BY-NC-SA 4.0","physics.hist-ph","History and Philosophy of Physics","93"
"CC BY-NC-SA 4.0","physics.ins-det","Instrumentation and Detectors","422"
"CC BY-NC-SA 4.0","physics.med-ph","Medical Physics","309"
"CC BY-NC-SA 4.0","physics.optics","Optics","964"
"CC BY-NC-SA 4.0","physics.plasm-ph","Plasma Physics","299"
"CC BY-NC-SA 4.0","physics.pop-ph","Popular Physics","72"
"CC BY-NC-SA 4.0","physics.soc-ph","Physics and Society","568"
"CC BY-NC-SA 4.0","physics.space-ph","Space Physics","180"
"CC BY-NC-SA 4.0","q-bio.BM","Biomolecules","261"
"CC BY-NC-SA 4.0","q-bio.CB","Cell Behavior","77"
"CC BY-NC-SA 4.0","q-bio.GN","Genomics","147"
"CC BY-NC-SA 4.0","q-bio.MN","Molecular Networks","118"
"CC BY-NC-SA 4.0","q-bio.NC","Neurons and Cognition","547"
"CC BY-NC-SA 4.0","q-bio.OT","Other Quantitative Biology","63"
"CC BY-NC-SA 4.0","q-bio.PE","Populations and Evolution","367"
"CC BY-NC-SA 4.0","q-bio.QM","Quantitative Methods","622"
"CC BY-NC-SA 4.0","q-bio.SC","Subcellular Processes","28"
"CC BY-NC-SA 4.0","q-bio.TO","Tissues and Organs","120"
"CC BY-NC-SA 4.0","q-fin.CP","Computational Finance","79"
"CC BY-NC-SA 4.0","q-fin.EC","Economics","354"
"CC BY-NC-SA 4.0","q-fin.GN","General Finance","67"
"CC BY-NC-SA 4.0","q-fin.MF","Mathematical Finance","46"
"CC BY-NC-SA 4.0","q-fin.PM","Portfolio Management","64"
"CC BY-NC-SA 4.0","q-fin.PR","Pricing of Securities","26"
"CC BY-NC-SA 4.0","q-fin.RM","Risk Management","68"
"CC BY-NC-SA 4.0","q-fin.ST","Statistical Finance","83"
"CC BY-NC-SA 4.0","q-fin.TR","Trading and Market Microstructure","61"
"CC BY-NC-SA 4.0","quant-ph","Quantum Physics","1711"
"CC BY-NC-SA 4.0","stat.AP","Applications","823"
"CC BY-NC-SA 4.0","stat.CO","Computation","210"
"CC BY-NC-SA 4.0","stat.ME","Methodology","1011"
"CC BY-NC-SA 4.0","stat.ML","Machine Learning","1980"
"CC BY-NC-SA 4.0","stat.OT","Other Statistics","83"
"CC BY-NC-SA 4.0","stat.TH","Statistics Theory","424"
"CC BY-SA 4.0","astro-ph.CO","Cosmology and Nongalactic Astrophysics","209"
"CC BY-SA 4.0","astro-ph.EP","Earth and Planetary Astrophysics","233"
"CC BY-SA 4.0","astro-ph.GA","Astrophysics of Galaxies","414"
"CC BY-SA 4.0","astro-ph.HE","High Energy Astrophysical Phenomena","378"
"CC BY-SA 4.0","astro-ph.IM","Instrumentation and Methods for Astrophysics","358"
"CC BY-SA 4.0","astro-ph.SR","Solar and Stellar Astrophysics","312"
"CC BY-SA 4.0","cond-mat.dis-nn","Disordered Systems and Neural Networks","85"
"CC BY-SA 4.0","cond-mat.mes-hall","Mesoscale and Nanoscale Physics","256"
"CC BY-SA 4.0","cond-mat.mtrl-sci","Materials Science","523"
"CC BY-SA 4.0","cond-mat.other","Other Condensed Matter","35"
"CC BY-SA 4.0","cond-mat.quant-gas","Quantum Gases","59"
"CC BY-SA 4.0","cond-mat.soft","Soft Condensed Matter","195"
"CC BY-SA 4.0","cond-mat.stat-mech","Statistical Mechanics","217"
"CC BY-SA 4.0","cond-mat.str-el","Strongly Correlated Electrons","166"
"CC BY-SA 4.0","cond-mat.supr-con","Superconductivity","45"
"CC BY-SA 4.0","cs.AI","Artificial Intelligence","4171"
"CC BY-SA 4.0","cs.AR","Hardware Architecture","201"
"CC BY-SA 4.0","cs.CC","Computational Complexity","121"
"CC BY-SA 4.0","cs.CE","Computational Engineering, Finance, and Science","178"
"CC BY-SA 4.0","cs.CG","Computational Geometry","70"
"CC BY-SA 4.0","cs.CL","Computation and Language","3663"
"CC BY-SA 4.0","cs.CR","Cryptography and Security","847"
"CC BY-SA 4.0","cs.CV","Computer Vision and Pattern Recognition","3262"
"CC BY-SA 4.0","cs.CY","Computers and Society","784"
"CC BY-SA 4.0","cs.DB","Databases","184"
"CC BY-SA 4.0","cs.DC","Distributed, Parallel, and Cluster Computing","489"
"CC BY-SA 4.0","cs.DL","Digital Libraries","157"
"CC BY-SA 4.0","cs.DM","Discrete Mathematics","127"
"CC BY-SA 4.0","cs.DS","Data Structures and Algorithms","256"
"CC BY-SA 4.0","cs.ET","Emerging Technologies","104"
"CC BY-SA 4.0","cs.FL","Formal Languages and Automata Theory","56"
"CC BY-SA 4.0","cs.GL","General Literature","7"
"CC BY-SA 4.0","cs.GR","Graphics","220"
"CC BY-SA 4.0","cs.GT","Computer Science and Game Theory","123"
"CC BY-SA 4.0","cs.HC","Human-Computer Interaction","847"
"CC BY-SA 4.0","cs.IR","Information Retrieval","542"
"CC BY-SA 4.0","cs.IT","Information Theory","294"
"CC BY-SA 4.0","cs.LG","Machine Learning","4996"
"CC BY-SA 4.0","cs.LO","Logic in Computer Science","270"
"CC BY-SA 4.0","cs.MA","Multiagent Systems","177"
"CC BY-SA 4.0","cs.MM","Multimedia","153"
"CC BY-SA 4.0","cs.MS","Mathematical Software","52"
"CC BY-SA 4.0","cs.NA","Numerical Analysis","386"
"CC BY-SA 4.0","cs.NE","Neural and Evolutionary Computing","297"
"CC BY-SA 4.0","cs.NI","Networking and Internet Architecture","344"
"CC BY-SA 4.0","cs.OH","Other Computer Science","9"
"CC BY-SA 4.0","cs.OS","Operating Systems","38"
"CC BY-SA 4.0","cs.PF","Performance","115"
"CC BY-SA 4.0","cs.PL","Programming Languages","272"
"CC BY-SA 4.0","cs.RO","Robotics","889"
"CC BY-SA 4.0","cs.SC","Symbolic Computation","37"
"CC BY-SA 4.0","cs.SD","Sound","590"
"CC BY-SA 4.0","cs.SE","Software Engineering","666"
"CC BY-SA 4.0","cs.SI","Social and Information Networks","337"
"CC BY-SA 4.0","cs.SY","Systems and Control","646"
"CC BY-SA 4.0","econ.EM","Econometrics","62"
"CC BY-SA 4.0","econ.GN","General Economics","125"
"CC BY-SA 4.0","econ.TH","Theoretical Economics","32"
"CC BY-SA 4.0","eess.AS","Audio and Speech Processing","664"
"CC BY-SA 4.0","eess.IV","Image and Video Processing","569"
"CC BY-SA 4.0","eess.SP","Signal Processing","536"
"CC BY-SA 4.0","eess.SY","Systems and Control","637"
"CC BY-SA 4.0","gr-qc","General Relativity and Quantum Cosmology","279"
"CC BY-SA 4.0","hep-ex","High Energy Physics - Experiment","277"
"CC BY-SA 4.0","hep-lat","High Energy Physics - Lattice","64"
"CC BY-SA 4.0","hep-ph","High Energy Physics - Phenomenology","458"
"CC BY-SA 4.0","hep-th","High Energy Physics - Theory","431"
"CC BY-SA 4.0","math-ph","Mathematical Physics","648"
"CC BY-SA 4.0","math.AC","Commutative Algebra","111"
"CC BY-SA 4.0","math.AG","Algebraic Geometry","564"
"CC BY-SA 4.0","math.AP","Analysis of PDEs","302"
"CC BY-SA 4.0","math.AT","Algebraic Topology","107"
"CC BY-SA 4.0","math.CA","Classical Analysis and ODEs","236"
"CC BY-SA 4.0","math.CO","Combinatorics","596"
"CC BY-SA 4.0","math.CT","Category Theory","115"
"CC BY-SA 4.0","math.CV","Complex Variables","100"
"CC BY-SA 4.0","math.DG","Differential Geometry","415"
"CC BY-SA 4.0","math.DS","Dynamical Systems","256"
"CC BY-SA 4.0","math.FA","Functional Analysis","200"
"CC BY-SA 4.0","math.GM","General Mathematics","68"
"CC BY-SA 4.0","math.GN","General Topology","35"
"CC BY-SA 4.0","math.GR","Group Theory","118"
"CC BY-SA 4.0","math.GT","Geometric Topology","105"
"CC BY-SA 4.0","math.HO","History and Overview","64"
"CC BY-SA 4.0","math.IT","Information Theory","294"
"CC BY-SA 4.0","math.KT","K-Theory and Homology","54"
"CC BY-SA 4.0","math.LO","Logic","89"
"CC BY-SA 4.0","math.MG","Metric Geometry","77"
"CC BY-SA 4.0","math.MP","Mathematical Physics","648"
"CC BY-SA 4.0","math.NA","Numerical Analysis","400"
"CC BY-SA 4.0","math.NT","Number Theory","292"
"CC BY-SA 4.0","math.OA","Operator Algebras","81"
"CC BY-SA 4.0","math.OC","Optimization and Control","611"
"CC BY-SA 4.0","math.PR","Probability","349"
"CC BY-SA 4.0","math.QA","Quantum Algebra","218"
"CC BY-SA 4.0","math.RA","Rings and Algebras","134"
"CC BY-SA 4.0","math.RT","Representation Theory","259"
"CC BY-SA 4.0","math.SG","Symplectic Geometry","92"
"CC BY-SA 4.0","math.SP","Spectral Theory","46"
"CC BY-SA 4.0","math.ST","Statistics Theory","188"
"CC BY-SA 4.0","nlin.AO","Adaptation and Self-Organizing Systems","49"
"CC BY-SA 4.0","nlin.CD","Chaotic Dynamics","51"
"CC BY-SA 4.0","nlin.CG","Cellular Automata and Lattice Gases","7"
"CC BY-SA 4.0","nlin.PS","Pattern Formation and Solitons","37"
"CC BY-SA 4.0","nlin.SI","Exactly Solvable and Integrable Systems","151"
"CC BY-SA 4.0","nucl-ex","Nuclear Experiment","134"
"CC BY-SA 4.0","nucl-th","Nuclear Theory","182"
"CC BY-SA 4.0","physics.acc-ph","Accelerator Physics","39"
"CC BY-SA 4.0","physics.ao-ph","Atmospheric and Oceanic Physics","110"
"CC BY-SA 4.0","physics.app-ph","Applied Physics","225"
"CC BY-SA 4.0","physics.atm-clus","Atomic and Molecular Clusters","12"
"CC BY-SA 4.0","physics.atom-ph","Atomic Physics","81"
"CC BY-SA 4.0","physics.bio-ph","Biological Physics","125"
"CC BY-SA 4.0","physics.chem-ph","Chemical Physics","209"
"CC BY-SA 4.0","physics.class-ph","Classical Physics","45"
"CC BY-SA 4.0","physics.comp-ph","Computational Physics","263"
"CC BY-SA 4.0","physics.data-an","Data Analysis, Statistics and Probability","110"
"CC BY-SA 4.0","physics.ed-ph","Physics Education","59"
"CC BY-SA 4.0","physics.flu-dyn","Fluid Dynamics","279"
"CC BY-SA 4.0","physics.gen-ph","General Physics","26"
"CC BY-SA 4.0","physics.geo-ph","Geophysics","84"
"CC BY-SA 4.0","physics.hist-ph","History and Philosophy of Physics","27"
"CC BY-SA 4.0","physics.ins-det","Instrumentation and Detectors","199"
"CC BY-SA 4.0","physics.med-ph","Medical Physics","99"
"CC BY-SA 4.0","physics.optics","Optics","335"
"CC BY-SA 4.0","physics.plasm-ph","Plasma Physics","125"
"CC BY-SA 4.0","physics.pop-ph","Popular Physics","18"
"CC BY-SA 4.0","physics.soc-ph","Physics and Society","211"
"CC BY-SA 4.0","physics.space-ph","Space Physics","66"
"CC BY-SA 4.0","q-bio.BM","Biomolecules","78"
"CC BY-SA 4.0","q-bio.CB","Cell Behavior","32"
"CC BY-SA 4.0","q-bio.GN","Genomics","52"
"CC BY-SA 4.0","q-bio.MN","Molecular Networks","31"
"CC BY-SA 4.0","q-bio.NC","Neurons and Cognition","188"
"CC BY-SA 4.0","q-bio.OT","Other Quantitative Biology","63"
"CC BY-SA 4.0","q-bio.PE","Populations and Evolution","119"
"CC BY-SA 4.0","q-bio.QM","Quantitative Methods","243"
"CC BY-SA 4.0","q-bio.SC","Subcellular Processes","10"
"CC BY-SA 4.0","q-bio.TO","Tissues and Organs","24"
"CC BY-SA 4.0","q-fin.CP","Computational Finance","54"
"CC BY-SA 4.0","q-fin.EC","Economics","126"
"CC BY-SA 4.0","q-fin.GN","General Finance","26"
"CC BY-SA 4.0","q-fin.MF","Mathematical Finance","28"
"CC BY-SA 4.0","q-fin.PM","Portfolio Management","23"
"CC BY-SA 4.0","q-fin.PR","Pricing of Securities","17"
"CC BY-SA 4.0","q-fin.RM","Risk Management","28"
"CC BY-SA 4.0","q-fin.ST","Statistical Finance","48"
"CC BY-SA 4.0","q-fin.TR","Trading and Market Microstructure","22"
"CC BY-SA 4.0","quant-ph","Quantum Physics","812"
"CC BY-SA 4.0","stat.AP","Applications","340"
"CC BY-SA 4.0","stat.CO","Computation","123"
"CC BY-SA 4.0","stat.ME","Methodology","378"
"CC BY-SA 4.0","stat.ML","Machine Learning","770"
"CC BY-SA 4.0","stat.OT","Other Statistics","36"
"CC BY-SA 4.0","stat.TH","Statistics Theory","188"
"CC0 1.0","astro-ph.CO","Cosmology and Nongalactic Astrophysics","345"
"CC0 1.0","astro-ph.EP","Earth and Planetary Astrophysics","174"
"CC0 1.0","astro-ph.GA","Astrophysics of Galaxies","430"
"CC0 1.0","astro-ph.HE","High Energy Astrophysical Phenomena","505"
"CC0 1.0","astro-ph.IM","Instrumentation and Methods for Astrophysics","187"
"CC0 1.0","astro-ph.SR","Solar and Stellar Astrophysics","442"
"CC0 1.0","cond-mat.dis-nn","Disordered Systems and Neural Networks","82"
"CC0 1.0","cond-mat.mes-hall","Mesoscale and Nanoscale Physics","505"
"CC0 1.0","cond-mat.mtrl-sci","Materials Science","571"
"CC0 1.0","cond-mat.other","Other Condensed Matter","58"
"CC0 1.0","cond-mat.quant-gas","Quantum Gases","143"
"CC0 1.0","cond-mat.soft","Soft Condensed Matter","144"
"CC0 1.0","cond-mat.stat-mech","Statistical Mechanics","314"
"CC0 1.0","cond-mat.str-el","Strongly Correlated Electrons","360"
"CC0 1.0","cond-mat.supr-con","Superconductivity","165"
"CC0 1.0","cs.AI","Artificial Intelligence","1406"
"CC0 1.0","cs.AR","Hardware Architecture","73"
"CC0 1.0","cs.CC","Computational Complexity","52"
"CC0 1.0","cs.CE","Computational Engineering, Finance, and Science","63"
"CC0 1.0","cs.CG","Computational Geometry","41"
"CC0 1.0","cs.CL","Computation and Language","898"
"CC0 1.0","cs.CR","Cryptography and Security","493"
"CC0 1.0","cs.CV","Computer Vision and Pattern Recognition","1525"
"CC0 1.0","cs.CY","Computers and Society","243"
"CC0 1.0","cs.DB","Databases","81"
"CC0 1.0","cs.DC","Distributed, Parallel, and Cluster Computing","239"
"CC0 1.0","cs.DL","Digital Libraries","46"
"CC0 1.0","cs.DM","Discrete Mathematics","79"
"CC0 1.0","cs.DS","Data Structures and Algorithms","122"
"CC0 1.0","cs.ET","Emerging Technologies","49"
"CC0 1.0","cs.FL","Formal Languages and Automata Theory","30"
"CC0 1.0","cs.GL","General Literature","2"
"CC0 1.0","cs.GR","Graphics","60"
"CC0 1.0","cs.GT","Computer Science and Game Theory","75"
"CC0 1.0","cs.HC","Human-Computer Interaction","183"
"CC0 1.0","cs.IR","Information Retrieval","207"
"CC0 1.0","cs.IT","Information Theory","488"
"CC0 1.0","cs.LG","Machine Learning","2080"
"CC0 1.0","cs.LO","Logic in Computer Science","74"
"CC0 1.0","cs.MA","Multiagent Systems","45"
"CC0 1.0","cs.MM","Multimedia","63"
"CC0 1.0","cs.MS","Mathematical Software","6"
"CC0 1.0","cs.NA","Numerical Analysis","394"
"CC0 1.0","cs.NE","Neural and Evolutionary Computing","136"
"CC0 1.0","cs.NI","Networking and Internet Architecture","281"
"CC0 1.0","cs.OH","Other Computer Science","13"
"CC0 1.0","cs.OS","Operating Systems","10"
"CC0 1.0","cs.PF","Performance","47"
"CC0 1.0","cs.PL","Programming Languages","40"
"CC0 1.0","cs.RO","Robotics","371"
"CC0 1.0","cs.SC","Symbolic Computation","21"
"CC0 1.0","cs.SD","Sound","203"
"CC0 1.0","cs.SE","Software Engineering","234"
"CC0 1.0","cs.SI","Social and Information Networks","158"
"CC0 1.0","cs.SY","Systems and Control","370"
"CC0 1.0","econ.EM","Econometrics","63"
"CC0 1.0","econ.GN","General Economics","101"
"CC0 1.0","econ.TH","Theoretical Economics","42"
"CC0 1.0","eess.AS","Audio and Speech Processing","217"
"CC0 1.0","eess.IV","Image and Video Processing","331"
"CC0 1.0","eess.SP","Signal Processing","534"
"CC0 1.0","eess.SY","Systems and Control","357"
"CC0 1.0","gr-qc","General Relativity and Quantum Cosmology","746"
"CC0 1.0","hep-ex","High Energy Physics - Experiment","369"
"CC0 1.0","hep-lat","High Energy Physics - Lattice","91"
"CC0 1.0","hep-ph","High Energy Physics - Phenomenology","1107"
"CC0 1.0","hep-th","High Energy Physics - Theory","823"
"CC0 1.0","math-ph","Mathematical Physics","463"
"CC0 1.0","math.AC","Commutative Algebra","119"
"CC0 1.0","math.AG","Algebraic Geometry","266"
"CC0 1.0","math.AP","Analysis of PDEs","795"
"CC0 1.0","math.AT","Algebraic Topology","106"
"CC0 1.0","math.CA","Classical Analysis and ODEs","223"
"CC0 1.0","math.CO","Combinatorics","505"
"CC0 1.0","math.CT","Category Theory","73"
"CC0 1.0","math.CV","Complex Variables","163"
"CC0 1.0","math.DG","Differential Geometry","362"
"CC0 1.0","math.DS","Dynamical Systems","305"
"CC0 1.0","math.FA","Functional Analysis","333"
"CC0 1.0","math.GM","General Mathematics","55"
"CC0 1.0","math.GN","General Topology","66"
"CC0 1.0","math.GR","Group Theory","189"
"CC0 1.0","math.GT","Geometric Topology","133"
"CC0 1.0","math.HO","History and Overview","46"
"CC0 1.0","math.IT","Information Theory","488"
"CC0 1.0","math.KT","K-Theory and Homology","32"
"CC0 1.0","math.LO","Logic","112"
"CC0 1.0","math.MG","Metric Geometry","116"
"CC0 1.0","math.MP","Mathematical Physics","463"
"CC0 1.0","math.NA","Numerical Analysis","410"
"CC0 1.0","math.NT","Number Theory","350"
"CC0 1.0","math.OA","Operator Algebras","54"
"CC0 1.0","math.OC","Optimization and Control","481"
"CC0 1.0","math.PR","Probability","433"
"CC0 1.0","math.QA","Quantum Algebra","76"
"CC0 1.0","math.RA","Rings and Algebras","266"
"CC0 1.0","math.RT","Representation Theory","195"
"CC0 1.0","math.SG","Symplectic Geometry","33"
"CC0 1.0","math.SP","Spectral Theory","73"
"CC0 1.0","math.ST","Statistics Theory","194"
"CC0 1.0","nlin.AO","Adaptation and Self-Organizing Systems","55"
"CC0 1.0","nlin.CD","Chaotic Dynamics","56"
"CC0 1.0","nlin.CG","Cellular Automata and Lattice Gases","13"
"CC0 1.0","nlin.PS","Pattern Formation and Solitons","70"
"CC0 1.0","nlin.SI","Exactly Solvable and Integrable Systems","61"
"CC0 1.0","nucl-ex","Nuclear Experiment","179"
"CC0 1.0","nucl-th","Nuclear Theory","393"
"CC0 1.0","physics.acc-ph","Accelerator Physics","56"
"CC0 1.0","physics.ao-ph","Atmospheric and Oceanic Physics","44"
"CC0 1.0","physics.app-ph","Applied Physics","246"
"CC0 1.0","physics.atm-clus","Atomic and Molecular Clusters","15"
"CC0 1.0","physics.atom-ph","Atomic Physics","102"
"CC0 1.0","physics.bio-ph","Biological Physics","87"
"CC0 1.0","physics.chem-ph","Chemical Physics","135"
"CC0 1.0","physics.class-ph","Classical Physics","47"
"CC0 1.0","physics.comp-ph","Computational Physics","183"
"CC0 1.0","physics.data-an","Data Analysis, Statistics and Probability","37"
"CC0 1.0","physics.ed-ph","Physics Education","31"
"CC0 1.0","physics.flu-dyn","Fluid Dynamics","241"
"CC0 1.0","physics.gen-ph","General Physics","61"
"CC0 1.0","physics.geo-ph","Geophysics","50"
"CC0 1.0","physics.hist-ph","History and Philosophy of Physics","29"
"CC0 1.0","physics.ins-det","Instrumentation and Detectors","140"
"CC0 1.0","physics.med-ph","Medical Physics","62"
"CC0 1.0","physics.optics","Optics","290"
"CC0 1.0","physics.plasm-ph","Plasma Physics","126"
"CC0 1.0","physics.pop-ph","Popular Physics","11"
"CC0 1.0","physics.soc-ph","Physics and Society","146"
"CC0 1.0","physics.space-ph","Space Physics","37"
"CC0 1.0","q-bio.BM","Biomolecules","31"
"CC0 1.0","q-bio.CB","Cell Behavior","9"
"CC0 1.0","q-bio.GN","Genomics","21"
"CC0 1.0","q-bio.MN","Molecular Networks","14"
"CC0 1.0","q-bio.NC","Neurons and Cognition","102"
"CC0 1.0","q-bio.OT","Other Quantitative Biology","14"
"CC0 1.0","q-bio.PE","Populations and Evolution","74"
"CC0 1.0","q-bio.QM","Quantitative Methods","88"
"CC0 1.0","q-bio.SC","Subcellular Processes","4"
"CC0 1.0","q-bio.TO","Tissues and Organs","25"
"CC0 1.0","q-fin.CP","Computational Finance","25"
"CC0 1.0","q-fin.EC","Economics","103"
"CC0 1.0","q-fin.GN","General Finance","15"
"CC0 1.0","q-fin.MF","Mathematical Finance","16"
"CC0 1.0","q-fin.PM","Portfolio Management","15"
"CC0 1.0","q-fin.PR","Pricing of Securities","13"
"CC0 1.0","q-fin.RM","Risk Management","16"
"CC0 1.0","q-fin.ST","Statistical Finance","20"
"CC0 1.0","q-fin.TR","Trading and Market Microstructure","16"
"CC0 1.0","quant-ph","Quantum Physics","942"
"CC0 1.0","stat.AP","Applications","157"
"CC0 1.0","stat.CO","Computation","62"
"CC0 1.0","stat.ME","Methodology","201"
"CC0 1.0","stat.ML","Machine Learning","433"
"CC0 1.0","stat.OT","Other Statistics","15"
"CC0 1.0","stat.TH","Statistics Theory","194"
