"PLAN_INDEX","TOOL_IDENTIFIER","COUNT"
"1","CC BY 4.0","381000000"
"2","CC BY-NC 4.0","144000000"
"3","CC BY-NC-ND 4.0","145000000"
"4","CC BY-NC-SA 4.0","60700000"
"5","CC BY-ND 4.0","381000000"
"6","CC BY-SA 4.0","186000000"
"7","PDM 1.0","10600000"
"8","CC0 1.0","26600000"
"9","CC BY 3.0","146000000"
"10","CC BY-NC 3.0","49900000"
"11","CC BY-NC-ND 3.0","48100000"
"12","CC BY-NC-SA 3.0","20600000"
"13","CC BY-ND 3.0","176000000"
"14","CC BY-SA 3.0","81300000"
"15","CC BY 2.5","195000000"
"16","CC BY-NC 2.5","49200000"
"17","CC BY-NC-ND 2.5","49600000"
"18","CC BY-NC-SA 2.5","21700000"
"19","CC BY-ND 2.5","201000000"
"20","CC BY-SA 2.5","95500000"
"21","CC BY 2.0","141000000"
"22","CC BY-NC 2.0","35900000"
"23","CC BY-NC-ND 2.0","35800000"
"24","CC BY-NC-SA 2.0","16400000"
"25","CC BY-ND 2.0","172000000"
"26","CC BY-SA 2.0","57300000"
"27","CC BY 1.0","197000000"
"28","CC BY-NC 1.0","36800000"
"29","CC BY-NC-SA 1.0","16700000"
"30","CC BY-ND 1.0","197000000"
"31","CC BY-ND-NC 1.0","38900000"
"32","CC BY-SA 1.0","81300000"
"33","CC BY 3.0 AM","109000000"
"34","CC BY-NC 3.0 AM","28100000"
"35","CC BY-NC-ND 3.0 AM","27200000"
"36","CC BY-NC-SA 3.0 AM","13000000"
"37","CC BY-ND 3.0 AM","109000000"
"38","CC BY-SA 3.0 AM","46800000"
"39","CC BY 3.0 AT","382000000"
"40","CC BY-NC 3.0 AT","190000000"
"41","CC BY-NC-ND 3.0 AT","48200000"
"42","CC BY-NC-SA 3.0 AT","85200000"
"43","CC BY-ND 3.0 AT","176000000"
"44","CC BY-SA 3.0 AT","288000000"
"45","CC BY 3.0 AU","182000000"
"46","CC BY-NC 3.0 AU","38900000"
"47","CC BY-NC-ND 3.0 AU","9010000"
"48","CC BY-NC-SA 3.0 AU","16600000"
"49","CC BY-ND 3.0 AU","26200000"
"50","CC BY-SA 3.0 AU","85700000"
"51","CC BY 3.0 AZ","16900000"
"52","CC BY-NC 3.0 AZ","782000"
"53","CC BY-NC-ND 3.0 AZ","718000"
"54","CC BY-NC-SA 3.0 AZ","291000"
"55","CC BY-ND 3.0 AZ","16600000"
"56","CC BY-SA 3.0 AZ","5770000"
"57","CC BY 3.0 BR","32600000"
"58","CC BY-NC 3.0 BR","10000000"
"59","CC BY-NC-ND 3.0 BR","9990000"
"60","CC BY-NC-SA 3.0 BR","1120000"
"61","CC BY-ND 3.0 BR","32300000"
"62","CC BY-SA 3.0 BR","16800000"
"63","CC BY 3.0 CA","98800000"
"64","CC BY-NC 3.0 CA","23700000"
"65","CC BY-NC-ND 3.0 CA","23700000"
"66","CC BY-NC-SA 3.0 CA","11000000"
"67","CC BY-ND 3.0 CA","98200000"
"68","CC BY-SA 3.0 CA","44200000"
"69","CC BY 3.0 CH","69800000"
"70","CC BY-NC 3.0 CH","17400000"
"71","CC BY-NC-ND 3.0 CH","13800000"
"72","CC BY-NC-SA 3.0 CH","6030000"
"73","CC BY-ND 3.0 CH","69700000"
"74","CC BY-SA 3.0 CH","26900000"
"75","CC BY 3.0 CL","163000000"
"76","CC BY-NC 3.0 CL","41200000"
"77","CC BY-NC-ND 3.0 CL","8740000"
"78","CC BY-NC-SA 3.0 CL","20800000"
"79","CC BY-ND 3.0 CL","31600000"
"80","CC BY-SA 3.0 CL","90600000"
"81","CC BY 3.0 CN","19300000"
"82","CC BY-NC 3.0 CN","3220000"
"83","CC BY-NC-ND 3.0 CN","2810000"
"84","CC BY-NC-SA 3.0 CN","423000"
"85","CC BY-ND 3.0 CN","20500000"
"86","CC BY-SA 3.0 CN","7750000"
"87","CC BY 3.0 CR","30500000"
"88","CC BY-NC 3.0 CR","6520000"
"89","CC BY-NC-ND 3.0 CR","6120000"
"90","CC BY-NC-SA 3.0 CR","846000"
"91","CC BY-ND 3.0 CR","29300000"
"92","CC BY-SA 3.0 CR","18200000"
"93","CC BY 3.0 CZ","377000"
"94","CC BY-NC 3.0 CZ","162000"
"95","CC BY-NC-ND 3.0 CZ","156000"
"96","CC BY-NC-SA 3.0 CZ","91200"
"97","CC BY-ND 3.0 CZ","390000"
"98","CC BY-SA 3.0 CZ","206000"
"99","CC BY 3.0 DE","381000000"
"100","CC BY-NC 3.0 DE","149000000"
"101","CC BY-NC-ND 3.0 DE","25200000"
"102","CC BY-NC-SA 3.0 DE","69000000"
"103","CC BY-ND 3.0 DE","103000000"
"104","CC BY-SA 3.0 DE","234000000"
"105","CC BY 3.0 EC","180000000"
"106","CC BY-NC 3.0 EC","43300000"
"107","CC BY-NC-ND 3.0 EC","8240000"
"108","CC BY-NC-SA 3.0 EC","20500000"
"109","CC BY-ND 3.0 EC","35800000"
"110","CC BY-SA 3.0 EC","96500000"
"111","CC BY 3.0 EE","12500000"
"112","CC BY-NC 3.0 EE","866000"
"113","CC BY-NC-ND 3.0 EE","838000"
"114","CC BY-NC-SA 3.0 EE","507000"
"115","CC BY-ND 3.0 EE","12400000"
"116","CC BY-SA 3.0 EE","3350000"
"117","CC BY 3.0 EG","122000000"
"118","CC BY-NC 3.0 EG","26300000"
"119","CC BY-NC-ND 3.0 EG","26300000"
"120","CC BY-NC-SA 3.0 EG","12600000"
"121","CC BY-ND 3.0 EG","122000000"
"122","CC BY-SA 3.0 EG","53200000"
"123","CC BY 3.0 ES","34500000"
"124","CC BY-NC 3.0 ES","7590000"
"125","CC BY-NC-ND 3.0 ES","5600000"
"126","CC BY-NC-SA 3.0 ES","1380000"
"127","CC BY-ND 3.0 ES","34200000"
"128","CC BY-SA 3.0 ES","18900000"
"129","CC BY 3.0 FR","376000000"
"130","CC BY-NC 3.0 FR","186000000"
"131","CC BY-NC-ND 3.0 FR","39500000"
"132","CC BY-NC-SA 3.0 FR","83000000"
"133","CC BY-ND 3.0 FR","171000000"
"134","CC BY-SA 3.0 FR","264000000"
"135","CC BY 3.0 GE","115000000"
"136","CC BY-NC 3.0 GE","28300000"
"137","CC BY-NC-ND 3.0 GE","5370000"
"138","CC BY-NC-SA 3.0 GE","14200000"
"139","CC BY-ND 3.0 GE","23500000"
"140","CC BY-SA 3.0 GE","60900000"
"141","CC BY 3.0 GR","60700000"
"142","CC BY-NC 3.0 GR","15800000"
"143","CC BY-NC-ND 3.0 GR","15800000"
"144","CC BY-NC-SA 3.0 GR","5780000"
"145","CC BY-ND 3.0 GR","60600000"
"146","CC BY-SA 3.0 GR","26900000"
"147","CC BY 3.0 GT","29800000"
"148","CC BY-NC 3.0 GT","6630000"
"149","CC BY-NC-ND 3.0 GT","409000"
"150","CC BY-NC-SA 3.0 GT","793000"
"151","CC BY-ND 3.0 GT","5580000"
"152","CC BY-SA 3.0 GT","15200000"
"153","CC BY 3.0 HK","14600000"
"154","CC BY-NC 3.0 HK","827000"
"155","CC BY-NC-ND 3.0 HK","786000"
"156","CC BY-NC-SA 3.0 HK","334000"
"157","CC BY-ND 3.0 HK","14600000"
"158","CC BY-SA 3.0 HK","3000000"
"159","CC BY 3.0 HR","41800000"
"160","CC BY-NC 3.0 HR","11300000"
"161","CC BY-NC-ND 3.0 HR","10900000"
"162","CC BY-NC-SA 3.0 HR","1300000"
"163","CC BY-ND 3.0 HR","45200000"
"164","CC BY-SA 3.0 HR","21800000"
"165","CC BY 3.0 IE","289000000"
"166","CC BY-NC 3.0 IE","85000000"
"167","CC BY-NC-ND 3.0 IE","16500000"
"168","CC BY-NC-SA 3.0 IE","31100000"
"169","CC BY-ND 3.0 IE","72400000"
"170","CC BY-SA 3.0 IE","146000000"
"171","CC BY 3.0 IGO","218000"
"172","CC BY-NC 3.0 IGO","131000"
"173","CC BY-NC-ND 3.0 IGO","130000"
"174","CC BY-NC-SA 3.0 IGO","103000"
"175","CC BY-ND 3.0 IGO","212000"
"176","CC BY-SA 3.0 IGO","148000"
"177","CC BY 3.0 IT","376000000"
"178","CC BY-NC 3.0 IT","187000000"
"179","CC BY-NC-ND 3.0 IT","39500000"
"180","CC BY-NC-SA 3.0 IT","83200000"
"181","CC BY-ND 3.0 IT","164000000"
"182","CC BY-SA 3.0 IT","266000000"
"183","CC BY 3.0 LU","27800000"
"184","CC BY-NC 3.0 LU","7810000"
"185","CC BY-NC-ND 3.0 LU","7490000"
"186","CC BY-NC-SA 3.0 LU","786000"
"187","CC BY-ND 3.0 LU","29800000"
"188","CC BY-SA 3.0 LU","16000000"
"189","CC BY 3.0 NL","15300000"
"190","CC BY-NC 3.0 NL","729000"
"191","CC BY-NC-ND 3.0 NL","693000"
"192","CC BY-NC-SA 3.0 NL","332000"
"193","CC BY-ND 3.0 NL","15200000"
"194","CC BY-SA 3.0 NL","8170000"
"195","CC BY 3.0 NO","376000000"
"196","CC BY-NC 3.0 NO","184000000"
"197","CC BY-NC-ND 3.0 NO","43300000"
"198","CC BY-NC-SA 3.0 NO","82000000"
"199","CC BY-ND 3.0 NO","167000000"
"200","CC BY-SA 3.0 NO","261000000"
"201","CC BY 3.0 NZ","375000"
"202","CC BY-NC 3.0 NZ","173000"
"203","CC BY-NC-ND 3.0 NZ","174000"
"204","CC BY-NC-SA 3.0 NZ","98100"
"205","CC BY-ND 3.0 NZ","444000"
"206","CC BY-SA 3.0 NZ","194000"
"207","CC BY 3.0 PH","196000000"
"208","CC BY-NC 3.0 PH","49900000"
"209","CC BY-NC-ND 3.0 PH","11800000"
"210","CC BY-NC-SA 3.0 PH","22800000"
"211","CC BY-ND 3.0 PH","44800000"
"212","CC BY-SA 3.0 PH","101000000"
"213","CC BY 3.0 PL","89100000"
"214","CC BY-NC 3.0 PL","19200000"
"215","CC BY-NC-ND 3.0 PL","1070000"
"216","CC BY-NC-SA 3.0 PL","8510000"
"217","CC BY-ND 3.0 PL","20100000"
"218","CC BY-SA 3.0 PL","45700000"
"219","CC BY 3.0 PR","22400000"
"220","CC BY-NC 3.0 PR","5760000"
"221","CC BY-NC-ND 3.0 PR","5520000"
"222","CC BY-NC-SA 3.0 PR","835000"
"223","CC BY-ND 3.0 PR","24000000"
"224","CC BY-SA 3.0 PR","11000000"
"225","CC BY 3.0 PT","109000000"
"226","CC BY-NC 3.0 PT","26800000"
"227","CC BY-NC-ND 3.0 PT","5140000"
"228","CC BY-NC-SA 3.0 PT","10300000"
"229","CC BY-ND 3.0 PT","21700000"
"230","CC BY-SA 3.0 PT","51300000"
"231","CC BY 3.0 RO","11500000"
"232","CC BY-NC 3.0 RO","1130000"
"233","CC BY-NC-ND 3.0 RO","1060000"
"234","CC BY-NC-SA 3.0 RO","578000"
"235","CC BY-ND 3.0 RO","11900000"
"236","CC BY-SA 3.0 RO","5100000"
"237","CC BY 3.0 RS","28100000"
"238","CC BY-NC 3.0 RS","6960000"
"239","CC BY-NC-ND 3.0 RS","6900000"
"240","CC BY-NC-SA 3.0 RS","975000"
"241","CC BY-ND 3.0 RS","27900000"
"242","CC BY-SA 3.0 RS","10300000"
"243","CC BY 3.0 SG","23200000"
"244","CC BY-NC 3.0 SG","3960000"
"245","CC BY-NC-ND 3.0 SG","3380000"
"246","CC BY-NC-SA 3.0 SG","602000"
"247","CC BY-ND 3.0 SG","23200000"
"248","CC BY-SA 3.0 SG","10900000"
"249","CC BY 3.0 TH","171000000"
"250","CC BY-NC 3.0 TH","49000000"
"251","CC BY-NC-ND 3.0 TH","47300000"
"252","CC BY-NC-SA 3.0 TH","20200000"
"253","CC BY-ND 3.0 TH","171000000"
"254","CC BY-SA 3.0 TH","75800000"
"255","CC BY 3.0 TW","61400000"
"256","CC BY-NC 3.0 TW","18900000"
"257","CC BY-NC-ND 3.0 TW","18400000"
"258","CC BY-NC-SA 3.0 TW","3520000"
"259","CC BY-ND 3.0 TW","65900000"
"260","CC BY-SA 3.0 TW","21800000"
"261","CC BY 3.0 UG","69200000"
"262","CC BY-NC 3.0 UG","19300000"
"263","CC BY-NC-ND 3.0 UG","1340000"
"264","CC BY-NC-SA 3.0 UG","6970000"
"265","CC BY-ND 3.0 UG","18600000"
"266","CC BY-SA 3.0 UG","29500000"
"267","CC BY 3.0 US","372000000"
"268","CC BY-NC 3.0 US","146000000"
"269","CC BY-NC-ND 3.0 US","35000000"
"270","CC BY-NC-SA 3.0 US","78200000"
"271","CC BY-ND 3.0 US","96500000"
"272","CC BY-SA 3.0 US","229000000"
"273","CC BY 3.0 VE","152000000"
"274","CC BY-NC 3.0 VE","40900000"
"275","CC BY-NC-ND 3.0 VE","40900000"
"276","CC BY-NC-SA 3.0 VE","17900000"
"277","CC BY-ND 3.0 VE","160000000"
"278","CC BY-SA 3.0 VE","68800000"
"279","CC BY 3.0 VN","5040000"
"280","CC BY-NC 3.0 VN","319000"
"281","CC BY-NC-ND 3.0 VN","304000"
"282","CC BY-NC-SA 3.0 VN","187000"
"283","CC BY-ND 3.0 VN","4840000"
"284","CC BY-SA 3.0 VN","578000"
"285","CC BY 3.0 ZA","5470000"
"286","CC BY-NC 3.0 ZA","370000"
"287","CC BY-NC-ND 3.0 ZA","358000"
"288","CC BY-NC-SA 3.0 ZA","235000"
"289","CC BY-ND 3.0 ZA","4510000"
"290","CC BY-SA 3.0 ZA","884000"
"291","CC BY 2.5 AR","62800000"
"292","CC BY-NC 2.5 AR","15100000"
"293","CC BY-NC-ND 2.5 AR","15000000"
"294","CC BY-NC-SA 2.5 AR","6010000"
"295","CC BY-ND 2.5 AR","64800000"
"296","CC BY-SA 2.5 AR","29800000"
"297","CC BY 2.5 AU","44600000"
"298","CC BY-NC 2.5 AU","8750000"
"299","CC BY-NC-ND 2.5 AU","8760000"
"300","CC BY-NC-SA 2.5 AU","983000"
"301","CC BY-ND 2.5 AU","46600000"
"302","CC BY-SA 2.5 AU","20400000"
"303","CC BY 2.5 BG","29500000"
"304","CC BY-NC 2.5 BG","5860000"
"305","CC BY-NC-ND 2.5 BG","5850000"
"306","CC BY-NC-SA 2.5 BG","690000"
"307","CC BY-ND 2.5 BG","30500000"
"308","CC BY-SA 2.5 BG","16300000"
"309","CC BY 2.5 BR","48000000"
"310","CC BY-NC 2.5 BR","12600000"
"311","CC BY-NC-ND 2.5 BR","12600000"
"312","CC BY-NC-SA 2.5 BR","2000000"
"313","CC BY-ND 2.5 BR","49500000"
"314","CC BY-SA 2.5 BR","22800000"
"315","CC BY 2.5 CA","125000000"
"316","CC BY-NC 2.5 CA","28200000"
"317","CC BY-NC-ND 2.5 CA","28200000"
"318","CC BY-NC-SA 2.5 CA","14700000"
"319","CC BY-ND 2.5 CA","129000000"
"320","CC BY-SA 2.5 CA","60300000"
"321","CC BY 2.5 CH","90100000"
"322","CC BY-NC 2.5 CH","19900000"
"323","CC BY-NC-ND 2.5 CH","19900000"
"324","CC BY-NC-SA 2.5 CH","8250000"
"325","CC BY-ND 2.5 CH","93100000"
"326","CC BY-SA 2.5 CH","39000000"
"327","CC BY 2.5 CN","26100000"
"328","CC BY-NC 2.5 CN","6420000"
"329","CC BY-NC-ND 2.5 CN","6420000"
"330","CC BY-NC-SA 2.5 CN","570000"
"331","CC BY-ND 2.5 CN","26800000"
"332","CC BY-SA 2.5 CN","13900000"
"333","CC BY 2.5 CO","145000000"
"334","CC BY-NC 2.5 CO","30100000"
"335","CC BY-NC-ND 2.5 CO","30100000"
"336","CC BY-NC-SA 2.5 CO","15300000"
"337","CC BY-ND 2.5 CO","149000000"
"338","CC BY-SA 2.5 CO","66700000"
"339","CC BY 2.5 DK","20600000"
"340","CC BY-NC 2.5 DK","945000"
"341","CC BY-NC-ND 2.5 DK","945000"
"342","CC BY-NC-SA 2.5 DK","403000"
"343","CC BY-ND 2.5 DK","21300000"
"344","CC BY-SA 2.5 DK","9750000"
"345","CC BY 2.5 ES","41600000"
"346","CC BY-NC 2.5 ES","9410000"
"347","CC BY-NC-ND 2.5 ES","9380000"
"348","CC BY-NC-SA 2.5 ES","1830000"
"349","CC BY-ND 2.5 ES","42900000"
"350","CC BY-SA 2.5 ES","21800000"
"351","CC BY 2.5 HR","71200000"
"352","CC BY-NC 2.5 HR","16800000"
"353","CC BY-NC-ND 2.5 HR","16800000"
"354","CC BY-NC-SA 2.5 HR","6050000"
"355","CC BY-ND 2.5 HR","73900000"
"356","CC BY-SA 2.5 HR","28100000"
"357","CC BY 2.5 HU","55300000"
"358","CC BY-NC 2.5 HU","14200000"
"359","CC BY-NC-ND 2.5 HU","14200000"
"360","CC BY-NC-SA 2.5 HU","3120000"
"361","CC BY-ND 2.5 HU","57100000"
"362","CC BY-SA 2.5 HU","26500000"
"363","CC BY 2.5 IL","34300000"
"364","CC BY-NC 2.5 IL","9340000"
"365","CC BY-NC-ND 2.5 IL","9330000"
"366","CC BY-NC-SA 2.5 IL","950000"
"367","CC BY-ND 2.5 IL","34000000"
"368","CC BY-SA 2.5 IL","18800000"
"369","CC BY 2.5 IN","187000000"
"370","CC BY-NC 2.5 IN","42700000"
"371","CC BY-NC-ND 2.5 IN","46400000"
"372","CC BY-NC-SA 2.5 IN","21000000"
"373","CC BY-ND 2.5 IN","192000000"
"374","CC BY-SA 2.5 IN","84400000"
"375","CC BY 2.5 IT","187000000"
"376","CC BY-NC 2.5 IT","46400000"
"377","CC BY-NC-ND 2.5 IT","46400000"
"378","CC BY-NC-SA 2.5 IT","21000000"
"379","CC BY-ND 2.5 IT","192000000"
"380","CC BY-SA 2.5 IT","89700000"
"381","CC BY 2.5 MK","34300000"
"382","CC BY-NC 2.5 MK","7500000"
"383","CC BY-NC-ND 2.5 MK","7510000"
"384","CC BY-NC-SA 2.5 MK","759000"
"385","CC BY-ND 2.5 MK","35700000"
"386","CC BY-SA 2.5 MK","19400000"
"387","CC BY 2.5 MT","44700000"
"388","CC BY-NC 2.5 MT","10800000"
"389","CC BY-NC-ND 2.5 MT","10800000"
"390","CC BY-NC-SA 2.5 MT","1410000"
"391","CC BY-ND 2.5 MT","46500000"
"392","CC BY-SA 2.5 MT","22800000"
"393","CC BY 2.5 MX","12600000"
"394","CC BY-NC 2.5 MX","499000"
"395","CC BY-NC-ND 2.5 MX","498000"
"396","CC BY-NC-SA 2.5 MX","290000"
"397","CC BY-ND 2.5 MX","13100000"
"398","CC BY-SA 2.5 MX","1830000"
"399","CC BY 2.5 MY","98500000"
"400","CC BY-NC 2.5 MY","14400000"
"401","CC BY-NC-ND 2.5 MY","14400000"
"402","CC BY-NC-SA 2.5 MY","2240000"
"403","CC BY-ND 2.5 MY","103000000"
"404","CC BY-SA 2.5 MY","28400000"
"405","CC BY 2.5 NL","19000000"
"406","CC BY-NC 2.5 NL","753000"
"407","CC BY-NC-ND 2.5 NL","753000"
"408","CC BY-NC-SA 2.5 NL","385000"
"409","CC BY-ND 2.5 NL","19400000"
"410","CC BY-SA 2.5 NL","8600000"
"411","CC BY 2.5 PE","32300000"
"412","CC BY-NC 2.5 PE","7010000"
"413","CC BY-NC-ND 2.5 PE","7010000"
"414","CC BY-NC-SA 2.5 PE","867000"
"415","CC BY-ND 2.5 PE","33400000"
"416","CC BY-SA 2.5 PE","17400000"
"417","CC BY 2.5 PL","24600000"
"418","CC BY-NC 2.5 PL","2310000"
"419","CC BY-NC-ND 2.5 PL","2310000"
"420","CC BY-NC-SA 2.5 PL","681000"
"421","CC BY-ND 2.5 PL","25000000"
"422","CC BY-SA 2.5 PL","13900000"
"423","CC BY 2.5 PT","131000000"
"424","CC BY-NC 2.5 PT","27100000"
"425","CC BY-NC-ND 2.5 PT","27100000"
"426","CC BY-NC-SA 2.5 PT","13200000"
"427","CC BY-ND 2.5 PT","135000000"
"428","CC BY-SA 2.5 PT","58300000"
"429","CC BY 2.5 SCOTLAND","430000"
"430","CC BY-NC 2.5 SCOTLAND","145000"
"431","CC BY-NC-ND 2.5 SCOTLAND","145000"
"432","CC BY-NC-SA 2.5 SCOTLAND","89900"
"433","CC BY-ND 2.5 SCOTLAND","458000"
"434","CC BY-SA 2.5 SCOTLAND","222000"
"435","CC BY 2.5 SE","69400000"
"436","CC BY-NC 2.5 SE","16800000"
"437","CC BY-NC-ND 2.5 SE","16700000"
"438","CC BY-NC-SA 2.5 SE","6770000"
"439","CC BY-ND 2.5 SE","71800000"
"440","CC BY-SA 2.5 SE","31400000"
"441","CC BY 2.5 SI","33000000"
"442","CC BY-NC 2.5 SI","6910000"
"443","CC BY-NC-ND 2.5 SI","6900000"
"444","CC BY-NC-SA 2.5 SI","845000"
"445","CC BY-ND 2.5 SI","33800000"
"446","CC BY-SA 2.5 SI","17300000"
"447","CC BY 2.5 TW","15200000"
"448","CC BY-NC 2.5 TW","731000"
"449","CC BY-NC-ND 2.5 TW","731000"
"450","CC BY-NC-SA 2.5 TW","443000"
"451","CC BY-ND 2.5 TW","15800000"
"452","CC BY-SA 2.5 TW","5230000"
"453","CC BY 2.5 ZA","7080000"
"454","CC BY-NC 2.5 ZA","383000"
"455","CC BY-NC-ND 2.5 ZA","383000"
"456","CC BY-NC-SA 2.5 ZA","276000"
"457","CC BY-ND 2.5 ZA","7470000"
"458","CC BY-SA 2.5 ZA","827000"
"459","CC BY 2.1 AU","48700000"
"460","CC BY-NC 2.1 AU","9490000"
"461","CC BY-NC-ND 2.1 AU","9500000"
"462","CC BY-NC-SA 2.1 AU","1070000"
"463","CC BY-ND 2.1 AU","48700000"
"464","CC BY-SA 2.1 AU","21900000"
"465","CC BY 2.1 CA","117000000"
"466","CC BY-NC 2.1 CA","26600000"
"467","CC BY-NC-ND 2.1 CA","26600000"
"468","CC BY-NC-SA 2.1 CA","14300000"
"469","CC BY-ND 2.1 CA","117000000"
"470","CC BY-SA 2.1 CA","60900000"
"471","CC BY 2.1 ES","44000000"
"472","CC BY-NC 2.1 ES","9370000"
"473","CC BY-NC-ND 2.1 ES","9380000"
"474","CC BY-NC-SA 2.1 ES","1810000"
"475","CC BY-ND 2.1 ES","43800000"
"476","CC BY-SA 2.1 ES","21800000"
"477","CC BY 2.1 JP","91600000"
"478","CC BY-NC 2.1 JP","21100000"
"479","CC BY-NC-ND 2.1 JP","21200000"
"480","CC BY-NC-SA 2.1 JP","10000000"
"481","CC BY-ND 2.1 JP","91600000"
"482","CC BY-SA 2.1 JP","43400000"
"483","CC BY 2.0 AT","368000000"
"484","CC BY-NC 2.0 AT","176000000"
"485","CC BY-NC-ND 2.0 AT","176000000"
"486","CC BY-NC-SA 2.0 AT","81800000"
"487","CC BY-ND 2.0 AT","367000000"
"488","CC BY-SA 2.0 AT","271000000"
"489","CC BY 2.0 AU","181000000"
"490","CC BY-NC 2.0 AU","36800000"
"491","CC BY-NC-ND 2.0 AU","36800000"
"492","CC BY-NC-SA 2.0 AU","16000000"
"493","CC BY-ND 2.0 AU","181000000"
"494","CC BY-SA 2.0 AU","83200000"
"495","CC BY 2.0 BE","368000000"
"496","CC BY-NC 2.0 BE","176000000"
"497","CC BY-NC-ND 2.0 BE","176000000"
"498","CC BY-NC-SA 2.0 BE","81800000"
"499","CC BY-ND 2.0 BE","367000000"
"500","CC BY-SA 2.0 BE","257000000"
"501","CC BY 2.0 BR","25000000"
"502","CC BY-NC 2.0 BR","7590000"
"503","CC BY-NC-ND 2.0 BR","7580000"
"504","CC BY-NC-SA 2.0 BR","777000"
"505","CC BY-ND 2.0 BR","29300000"
"506","CC BY-SA 2.0 BR","15500000"
"507","CC BY 2.0 CA","79400000"
"508","CC BY-NC 2.0 CA","22500000"
"509","CC BY-NC-ND 2.0 CA","22500000"
"510","CC BY-NC-SA 2.0 CA","10300000"
"511","CC BY-ND 2.0 CA","99000000"
"512","CC BY-SA 2.0 CA","31500000"
"513","CC BY 2.0 CL","157000000"
"514","CC BY-NC 2.0 CL","38900000"
"515","CC BY-NC-ND 2.0 CL","38900000"
"516","CC BY-NC-SA 2.0 CL","20000000"
"517","CC BY-ND 2.0 CL","157000000"
"518","CC BY-SA 2.0 CL","88200000"
"519","CC BY 2.0 DE","366000000"
"520","CC BY-NC 2.0 DE","140000000"
"521","CC BY-NC-ND 2.0 DE","140000000"
"522","CC BY-NC-SA 2.0 DE","66700000"
"523","CC BY-ND 2.0 DE","366000000"
"524","CC BY-SA 2.0 DE","225000000"
"525","CC BY 2.0 ES","158000000"
"526","CC BY-NC 2.0 ES","38100000"
"527","CC BY-NC-ND 2.0 ES","38000000"
"528","CC BY-NC-SA 2.0 ES","18200000"
"529","CC BY-ND 2.0 ES","156000000"
"530","CC BY-SA 2.0 ES","86500000"
"531","CC BY 2.0 FR","135000000"
"532","CC BY-NC 2.0 FR","33800000"
"533","CC BY-NC-ND 2.0 FR","33800000"
"534","CC BY-NC-SA 2.0 FR","12800000"
"535","CC BY-ND 2.0 FR","164000000"
"536","CC BY-SA 2.0 FR","53800000"
"537","CC BY 2.0 HR","185000000"
"538","CC BY-NC 2.0 HR","47000000"
"539","CC BY-NC-ND 2.0 HR","47000000"
"540","CC BY-NC-SA 2.0 HR","19400000"
"541","CC BY-ND 2.0 HR","185000000"
"542","CC BY-SA 2.0 HR","101000000"
"543","CC BY 2.0 IT","366000000"
"544","CC BY-NC 2.0 IT","178000000"
"545","CC BY-NC-ND 2.0 IT","178000000"
"546","CC BY-NC-SA 2.0 IT","82800000"
"547","CC BY-ND 2.0 IT","366000000"
"548","CC BY-SA 2.0 IT","259000000"
"549","CC BY 2.0 JP","60900000"
"550","CC BY-NC 2.0 JP","17800000"
"551","CC BY-NC-ND 2.0 JP","17800000"
"552","CC BY-NC-SA 2.0 JP","6520000"
"553","CC BY-ND 2.0 JP","77600000"
"554","CC BY-SA 2.0 JP","28900000"
"555","CC BY 2.0 KR","13600000"
"556","CC BY-NC 2.0 KR","802000"
"557","CC BY-NC-ND 2.0 KR","802000"
"558","CC BY-NC-SA 2.0 KR","385000"
"559","CC BY-ND 2.0 KR","16700000"
"560","CC BY-SA 2.0 KR","6280000"
"561","CC BY 2.0 NL","13100000"
"562","CC BY-NC 2.0 NL","598000"
"563","CC BY-NC-ND 2.0 NL","597000"
"564","CC BY-NC-SA 2.0 NL","328000"
"565","CC BY-ND 2.0 NL","15300000"
"566","CC BY-SA 2.0 NL","6640000"
"567","CC BY 2.0 PL","16800000"
"568","CC BY-NC 2.0 PL","840000"
"569","CC BY-NC-ND 2.0 PL","839000"
"570","CC BY-NC-SA 2.0 PL","510000"
"571","CC BY-ND 2.0 PL","19100000"
"572","CC BY-SA 2.0 PL","10500000"
"573","CC BY 2.0 TW","59400000"
"574","CC BY-NC 2.0 TW","14900000"
"575","CC BY-NC-ND 2.0 TW","14900000"
"576","CC BY-NC-SA 2.0 TW","868000"
"577","CC BY-ND 2.0 TW","59200000"
"578","CC BY-SA 2.0 TW","20500000"
"579","CC BY 2.0 UK","262000000"
"580","CC BY-NC 2.0 UK","68700000"
"581","CC BY-NC-ND 2.0 UK","65200000"
"582","CC BY-NC-SA 2.0 UK","25500000"
"583","CC BY-ND 2.0 UK","261000000"
"584","CC BY-SA 2.0 UK","129000000"
"585","CC BY 2.0 ZA","27200000"
"586","CC BY-NC 2.0 ZA","6010000"
"587","CC BY-NC-ND 2.0 ZA","6000000"
"588","CC BY-NC-SA 2.0 ZA","793000"
"589","CC BY-ND 2.0 ZA","26900000"
"590","CC BY-SA 2.0 ZA","15800000"
"591","CC BY 1.0 FI","14000000"
"592","CC BY-NC 1.0 FI","687000"
"593","CC BY-NC-SA 1.0 FI","431000"
"594","CC BY-ND 1.0 FI","13700000"
"595","CC BY-ND-NC 1.0 FI","700000"
"596","CC BY-SA 1.0 FI","2390000"
"597","CC BY 1.0 IL","26700000"
"598","CC BY-NC 1.0 IL","5790000"
"599","CC BY-NC-SA 1.0 IL","686000"
"600","CC BY-ND 1.0 IL","26400000"
"601","CC BY-ND-NC 1.0 IL","6310000"
"602","CC BY-SA 1.0 IL","14500000"
"603","CC BY 1.0 NL","16000000"
"604","CC BY-NC 1.0 NL","541000"
"605","CC BY-NC-SA 1.0 NL","303000"
"606","CC BY-ND 1.0 NL","15700000"
"607","CC BY-ND-NC 1.0 NL","587000"
"608","CC BY-SA 1.0 NL","6290000"
"609","CC DEVNATIONS 2.0","95"
"610","CC NC 1.0","36900000"
"611","CC NC-SA 1.0","16900000"
"612","CC NC-SAMPLING+ 1.0","27600000"
"613","CC ND 1.0","189000000"
"614","CC ND-NC 1.0","36900000"
"615","CC SA 1.0","78800000"
"616","CC SAMPLING 1.0","124000000"
"617","CC SAMPLING+ 1.0","124000000"
"618","CC NC 2.0 JP","18400000"
"619","CC NC-SA 2.0 JP","6950000"
"620","CC ND 2.0 JP","75900000"
"621","CC ND-NC 2.0 JP","18400000"
"622","CC SA 2.0 JP","30900000"
"623","CC SAMPLING 1.0 BR","24100000"
"624","CC SAMPLING+ 1.0 BR","24200000"
"625","CC SAMPLING+ 1.0 DE","95600000"
"626","CC NC 1.0 FI","697000"
"627","CC NC-SA 1.0 FI","435000"
"628","CC ND 1.0 FI","13500000"
"629","CC ND-NC 1.0 FI","698000"
"630","CC SA 1.0 FI","2400000"
"631","CC NC 1.0 NL","585000"
"632","CC NC-SA 1.0 NL","313000"
"633","CC ND 1.0 NL","15400000"
"634","CC ND-NC 1.0 NL","586000"
"635","CC SA 1.0 NL","6320000"
"636","CC NC-SAMPLING+ 1.0 TW","12400000"
"637","CC SAMPLING 1.0 TW","36100000"
"638","CC SAMPLING+ 1.0 TW","36200000"
"639","CERTIFICATION 1.0 US","138000"
"640","CERTIFICATION 1.0 US","45900000"
